stable_id,semantic_status,human_role,subsystem,semantic_evidence
FAMILY_049,COMPLETE,QueuePlayerOneLabelDrawTask,coin/credit/session,Exact recovered instruction behavior and callers/consumers identify this role; public name was normalized to remove structural/address-derived recovery scaffolding.
FAMILY_050,COMPLETE,QueueReadyMessageDrawTask,coin/credit/session,Exact recovered instruction behavior and callers/consumers identify this role; public name was normalized to remove structural/address-derived recovery scaffolding.
FAMILY_057,COMPLETE,DecrementLifeThenPrepareMazeHud,coin/credit/session,Exact recovered instruction behavior and callers/consumers identify this role; public name was normalized to remove structural/address-derived recovery scaffolding.
FAMILY_059,COMPLETE,InitializePelletOccupancyForAttractState,intermission/attract,Exact recovered instruction behavior and callers/consumers identify this role; public name was normalized to remove structural/address-derived recovery scaffolding.
FAMILY_060,COMPLETE,RebuildPelletMapForActivePlayerStart,game-state/control,Exact recovered instruction behavior and callers/consumers identify this role; public name was normalized to remove structural/address-derived recovery scaffolding.
FAMILY_062,COMPLETE,FillInlineColorRectangleRows,maze/tile/collision,Exact recovered instruction behavior and callers/consumers identify this role; public name was normalized to remove structural/address-derived recovery scaffolding.
FAMILY_125,COMPLETE,ProcessMusicWaveChannels,interrupt/startup,Exact recovered instruction behavior and callers/consumers identify this role; public name was normalized to remove structural/address-derived recovery scaffolding.
FAMILY_148,COMPLETE,SelectPacmanRightFacingAnimationFrame,maze/tile/collision,Exact recovered instruction behavior and callers/consumers identify this role; public name was normalized to remove structural/address-derived recovery scaffolding.
FAMILY_149,COMPLETE,SelectPacmanDownFacingAnimationFrame,maze/tile/collision,Exact recovered instruction behavior and callers/consumers identify this role; public name was normalized to remove structural/address-derived recovery scaffolding.
FAMILY_150,COMPLETE,SelectPacmanLeftFacingAnimationFrameAndFlipAttribute,game-state/control,Exact recovered instruction behavior and callers/consumers identify this role; public name was normalized to remove structural/address-derived recovery scaffolding.
FAMILY_151,COMPLETE,SelectPacmanUpFacingAnimationFrameAndFlipAttribute,game-state/control,Exact recovered instruction behavior and callers/consumers identify this role; public name was normalized to remove structural/address-derived recovery scaffolding.
FAMILY_152,COMPLETE,RefreshCreditDisplayBeforeStartPrompt,coin/credit/session,Exact recovered instruction behavior and callers/consumers identify this role; public name was normalized to remove structural/address-derived recovery scaffolding.
FAMILY_154,COMPLETE,UpdateFirstIntermissionBigPacmanProjection,utility/other,Exact recovered instruction behavior and callers/consumers identify this role; public name was normalized to remove structural/address-derived recovery scaffolding.
FAMILY_155,COMPLETE,ProjectSpritesForUprightOrPlayerOne,utility/other,Exact recovered instruction behavior and callers/consumers identify this role; public name was normalized to remove structural/address-derived recovery scaffolding.
FAMILY_156,COMPLETE,ProjectSpritesForCocktailPlayerTwo,utility/other,Exact recovered instruction behavior and callers/consumers identify this role; public name was normalized to remove structural/address-derived recovery scaffolding.
FAMILY_157,COMPLETE,DebounceRackInputAndAccumulateCredits,utility/other,Exact recovered instruction behavior and callers/consumers identify this role; public name was normalized to remove structural/address-derived recovery scaffolding.
FAMILY_158,COMPLETE,DebounceCoinInputAndAccumulateCredits,utility/other,Exact recovered instruction behavior and callers/consumers identify this role; public name was normalized to remove structural/address-derived recovery scaffolding.
FAMILY_159,COMPLETE,UpdateCoinLampAndPlayerIndicators,utility/other,Exact recovered instruction behavior and callers/consumers identify this role; public name was normalized to remove structural/address-derived recovery scaffolding.
FAMILY_160,COMPLETE,ProcessSoundEffectsBeforeMusic,game-state/control,Exact recovered instruction behavior and callers/consumers identify this role; public name was normalized to remove structural/address-derived recovery scaffolding.
FAMILY_161,COMPLETE,ProjectFirstIntermissionBigPacmanAndGhostPositions,utility/other,Exact recovered instruction behavior and callers/consumers identify this role; public name was normalized to remove structural/address-derived recovery scaffolding.
FAMILY_162,COMPLETE,SampleRackInputAndShiftDebounceState,coin/credit/session,Exact recovered instruction behavior and callers/consumers identify this role; public name was normalized to remove structural/address-derived recovery scaffolding.
FAMILY_163,COMPLETE,FinishRackInputDebounceAndCreditUpdate,coin/credit/session,Exact recovered instruction behavior and callers/consumers identify this role; public name was normalized to remove structural/address-derived recovery scaffolding.
FAMILY_164,COMPLETE,ConvertPendingCoinsIntoCredits,coin/credit/session,Exact recovered instruction behavior and callers/consumers identify this role; public name was normalized to remove structural/address-derived recovery scaffolding.
FAMILY_165,COMPLETE,FinishCoinCreditConversionAndTimeoutUpdate,coin/credit/session,Exact recovered instruction behavior and callers/consumers identify this role; public name was normalized to remove structural/address-derived recovery scaffolding.
FAMILY_166,COMPLETE,CoinLampPlayerIndicatorsAndModeHousekeeping,coin/credit/session,"Core-loop bookkeeping: blinks coin lamps/1UP-2UP indicators, updates player display state and mode-dependent housekeeping; corroborated by same-address documented Pac-Man core."
FAMILY_167,COMPLETE,DrawTwoUpIndicatorAfterOneUp,utility/other,Exact recovered instruction behavior and callers/consumers identify this role; public name was normalized to remove structural/address-derived recovery scaffolding.
FAMILY_168,COMPLETE,ReturnAfterDrawingBothPlayerIndicators,utility/other,Exact recovered instruction behavior and callers/consumers identify this role; public name was normalized to remove structural/address-derived recovery scaffolding.
FAMILY_169,COMPLETE,SelectBlinkingPlayerIndicatorByActivePlayer,utility/other,Exact recovered instruction behavior and callers/consumers identify this role; public name was normalized to remove structural/address-derived recovery scaffolding.
FAMILY_170,COMPLETE,ClearOneUpIndicatorDuringBlinkOffPhase,utility/other,Exact recovered instruction behavior and callers/consumers identify this role; public name was normalized to remove structural/address-derived recovery scaffolding.
FAMILY_171,COMPLETE,ContinueFromOneUpBlinkToTwoUpGate,utility/other,Exact recovered instruction behavior and callers/consumers identify this role; public name was normalized to remove structural/address-derived recovery scaffolding.
FAMILY_172,COMPLETE,SelectTwoUpBlinkPhaseForPlayerTwo,utility/other,Exact recovered instruction behavior and callers/consumers identify this role; public name was normalized to remove structural/address-derived recovery scaffolding.
FAMILY_173,COMPLETE,ClearTwoUpIndicatorDuringBlinkOffPhase,utility/other,Exact recovered instruction behavior and callers/consumers identify this role; public name was normalized to remove structural/address-derived recovery scaffolding.
FAMILY_174,COMPLETE,ApplyTwoUpBlinkVisibilityGate,utility/other,Exact recovered instruction behavior and callers/consumers identify this role; public name was normalized to remove structural/address-derived recovery scaffolding.
FAMILY_175,COMPLETE,ReturnFromPlayerIndicatorUpdate,utility/other,Exact recovered instruction behavior and callers/consumers identify this role; public name was normalized to remove structural/address-derived recovery scaffolding.
FAMILY_176,COMPLETE,DrawOneUpIndicator,video/display,Exact recovered instruction behavior and callers/consumers identify this role; public name was normalized to remove structural/address-derived recovery scaffolding.
FAMILY_177,COMPLETE,DrawTwoUpIndicator,video/display,Exact recovered instruction behavior and callers/consumers identify this role; public name was normalized to remove structural/address-derived recovery scaffolding.
FAMILY_178,COMPLETE,ClearOneUpIndicator,video/display,Exact recovered instruction behavior and callers/consumers identify this role; public name was normalized to remove structural/address-derived recovery scaffolding.
FAMILY_179,COMPLETE,ClearTwoUpIndicator,video/display,Exact recovered instruction behavior and callers/consumers identify this role; public name was normalized to remove structural/address-derived recovery scaffolding.
FAMILY_180,COMPLETE,ProjectAllSpritesForCocktailPlayerTwo,actor/ghost/motion,Exact recovered instruction behavior and callers/consumers identify this role; public name was normalized to remove structural/address-derived recovery scaffolding.
FAMILY_181,COMPLETE,ProjectAllSpritesForUprightOrPlayerOne,actor/ghost/motion,Exact recovered instruction behavior and callers/consumers identify this role; public name was normalized to remove structural/address-derived recovery scaffolding.
FAMILY_182,COMPLETE,DispatchPacmanSpriteByFacingDirection,scheduler/task,Exact recovered instruction behavior and callers/consumers identify this role; public name was normalized to remove structural/address-derived recovery scaffolding.
FAMILY_183,COMPLETE,RenderPacmanAndGhostSpriteFrames,game-state/control,Exact recovered instruction behavior and callers/consumers identify this role; public name was normalized to remove structural/address-derived recovery scaffolding.
FAMILY_184,COMPLETE,SelectPacmanDeathAnimationSprite,scheduler/task,Exact recovered instruction behavior and callers/consumers identify this role; public name was normalized to remove structural/address-derived recovery scaffolding.
FAMILY_185,COMPLETE,RenderLivingActorSpriteAnimationFrames,video/display,Exact recovered instruction behavior and callers/consumers identify this role; public name was normalized to remove structural/address-derived recovery scaffolding.
FAMILY_186,COMPLETE,RunFirstIntermissionSpriteHandler,intermission/attract,One-instruction call seam invoking the first Pac-Man intermission sprite handler at $15E6.
FAMILY_187,COMPLETE,RunSecondIntermissionSpriteHandler,intermission/attract,One-instruction call seam invoking the second Pac-Man intermission sprite handler at $162D.
FAMILY_188,COMPLETE,RunThirdIntermissionSpriteHandler,intermission/attract,One-instruction call seam invoking the third Pac-Man intermission sprite handler at $1652.
FAMILY_189,COMPLETE,FlipSpritesForCocktailPlayerTwo,video/display,Exact recovered instruction behavior and callers/consumers identify this role; public name was normalized to remove structural/address-derived recovery scaffolding.
FAMILY_190,COMPLETE,FirstIntermissionBigPacmanSpriteAnimation,intermission/attract,Reads first-intermission state $4E06 and animates the original Pac-Man large-sprite sequence; same-address historical documentation confirms the role.
FAMILY_191,COMPLETE,SecondIntermissionSpriteAnimation,intermission/attract,Reads second-intermission state $4E07 and applies state/position-dependent sprite changes for the second Pac-Man intermission.
FAMILY_192,COMPLETE,ThirdIntermissionSpriteAnimation,intermission/attract,Reads third-intermission state $4E08 and applies coordinate/state-dependent sprite changes for the third Pac-Man intermission.
FAMILY_193,COMPLETE,FullScreenVideoRamClearSetup,video/display,"Loads blank tile $40, four 256-byte blocks, and video-RAM base $4000 for a complete screen clear."
FAMILY_194,COMPLETE,FullScreenVideoRamClearBlockFill,video/display,RST $08 fill invocation for each 256-byte block of the full-screen clear.
FAMILY_195,COMPLETE,FullScreenVideoRamClearLoop,video/display,"Decrements four-block counter, loops to RST $08, then returns after all 1 KiB video RAM is blanked."
FAMILY_196,COMPLETE,MazeVideoRamClearSetup,video/display,"Loads blank tile $40, maze video base $4040 and four $80-byte fill lengths for maze-only clearing."
FAMILY_197,COMPLETE,MazeVideoRamClearBlockFill,video/display,RST $08 block-fill invocation used by the maze-only video clear.
FAMILY_198,COMPLETE,MazeVideoRamClearLoop,video/display,Loops the maze-only RST $08 fill and returns after all four maze strips are cleared.
FAMILY_199,COMPLETE,ColorRamClearSetup,video/display,"Loads zero, four 256-byte blocks and color-RAM base $4400 for complete color RAM clearing."
FAMILY_200,COMPLETE,ColorRamClearBlockFill,video/display,RST $08 block-fill invocation used by the color-RAM clear.
FAMILY_201,COMPLETE,ColorRamClearLoop,video/display,Loops the color-RAM block fill four times and returns.
FAMILY_202,COMPLETE,SelectMazeColorAndEndLevelFlashPalette,video/display,Exact recovered instruction behavior and callers/consumers identify this role; public name was normalized to remove structural/address-derived recovery scaffolding.
FAMILY_203,COMPLETE,FillMazeColorRamWithSelectedPalette,scheduler/task,Exact recovered instruction behavior and callers/consumers identify this role; public name was normalized to remove structural/address-derived recovery scaffolding.
FAMILY_204,COMPLETE,FinishMazeColorFillAndColorTopBar,video/display,Exact recovered instruction behavior and callers/consumers identify this role; public name was normalized to remove structural/address-derived recovery scaffolding.
FAMILY_205,COMPLETE,ApplyMazeNoTurnZoneColorsAndReturn,video/display,Exact recovered instruction behavior and callers/consumers identify this role; public name was normalized to remove structural/address-derived recovery scaffolding.
FAMILY_206,COMPLETE,FillMemoryRangeWithAccumulatorByte,game-state/control,Exact recovered instruction behavior and callers/consumers identify this role; public name was normalized to remove structural/address-derived recovery scaffolding.
FAMILY_207,COMPLETE,RunRamNibblePatternSelfTest,interrupt/startup,Exact recovered instruction behavior and callers/consumers identify this role; public name was normalized to remove structural/address-derived recovery scaffolding.
FAMILY_208,COMPLETE,RunStartupWatchdogDelay,interrupt/startup,Exact recovered instruction behavior and callers/consumers identify this role; public name was normalized to remove structural/address-derived recovery scaffolding.
FAMILY_209,COMPLETE,VerifyProgramRomChecksumsAtStartup,interrupt/startup,Exact recovered instruction behavior and callers/consumers identify this role; public name was normalized to remove structural/address-derived recovery scaffolding.
FAMILY_210,COMPLETE,CopySoundVoiceRegistersToHardware,scheduler/task,Exact recovered instruction behavior and callers/consumers identify this role; public name was normalized to remove structural/address-derived recovery scaffolding.
FAMILY_211,COMPLETE,CopyCalculatedSpriteDataIntoFrameBuffer,scheduler/task,Exact recovered instruction behavior and callers/consumers identify this role; public name was normalized to remove structural/address-derived recovery scaffolding.
FAMILY_212,COMPLETE,CopySpritePositionsIntoSecondarySpriteRam,scheduler/task,Exact recovered instruction behavior and callers/consumers identify this role; public name was normalized to remove structural/address-derived recovery scaffolding.
FAMILY_213,COMPLETE,WriteSpriteCoordinatesToHardwareSpriteRam,scheduler/task,Exact recovered instruction behavior and callers/consumers identify this role; public name was normalized to remove structural/address-derived recovery scaffolding.
FAMILY_214,COMPLETE,ScanTimedTaskQueueForActiveRecord,scheduler/task,Exact recovered instruction behavior and callers/consumers identify this role; public name was normalized to remove structural/address-derived recovery scaffolding.
FAMILY_215,COMPLETE,AdvanceTimedTaskScanToNextRecord,scheduler/task,Exact recovered instruction behavior and callers/consumers identify this role; public name was normalized to remove structural/address-derived recovery scaffolding.
FAMILY_216,COMPLETE,ClearVideoRamToBlankTilesDuringBoot,maze/tile/collision,Exact recovered instruction behavior and callers/consumers identify this role; public name was normalized to remove structural/address-derived recovery scaffolding.
FAMILY_217,COMPLETE,InitializeColorRamDuringBoot,maze/tile/collision,Exact recovered instruction behavior and callers/consumers identify this role; public name was normalized to remove structural/address-derived recovery scaffolding.
FAMILY_218,COMPLETE,ClearProgramWorkRamAfterSelfTest,interrupt/startup,Exact recovered instruction behavior and callers/consumers identify this role; public name was normalized to remove structural/address-derived recovery scaffolding.
FAMILY_219,COMPLETE,ClearVideoRamAfterSelfTest,interrupt/startup,Exact recovered instruction behavior and callers/consumers identify this role; public name was normalized to remove structural/address-derived recovery scaffolding.
FAMILY_220,COMPLETE,InitializeColorRamAfterSelfTest,interrupt/startup,Exact recovered instruction behavior and callers/consumers identify this role; public name was normalized to remove structural/address-derived recovery scaffolding.
FAMILY_221,COMPLETE,RenderStartupTestGridFromStackDescriptors,scheduler/task,Exact recovered instruction behavior and callers/consumers identify this role; public name was normalized to remove structural/address-derived recovery scaffolding.
FAMILY_222,COMPLETE,FrameTimersAndPseudoRandomStateUpdate,game-state/control,Core loop routine updates timer/random state at $4C84-$4C8C; same-address documented core describes it as the timer/random update.
FAMILY_223,COMPLETE,SaveCpuStateAndDisableInterruptsAtVblank,interrupt/startup,Exact recovered instruction behavior and callers/consumers identify this role; public name was normalized to remove structural/address-derived recovery scaffolding.
FAMILY_224,COMPLETE,WriteSoundWaveSelectorsAndPrepareSpriteCopy,interrupt/startup,Exact recovered instruction behavior and callers/consumers identify this role; public name was normalized to remove structural/address-derived recovery scaffolding.
FAMILY_225,COMPLETE,ConvertSpriteCodesToHardwareOrientationFormat,interrupt/startup,Exact recovered instruction behavior and callers/consumers identify this role; public name was normalized to remove structural/address-derived recovery scaffolding.
FAMILY_226,COMPLETE,SubstituteEatenGhostSpriteDuringScorePause,interrupt/startup,Exact recovered instruction behavior and callers/consumers identify this role; public name was normalized to remove structural/address-derived recovery scaffolding.
FAMILY_227,COMPLETE,RestoreSpriteBufferAndPreparePositionCopy,interrupt/startup,Exact recovered instruction behavior and callers/consumers identify this role; public name was normalized to remove structural/address-derived recovery scaffolding.
FAMILY_228,COMPLETE,PrepareHardwareSpriteCoordinateCopy,interrupt/startup,Exact recovered instruction behavior and callers/consumers identify this role; public name was normalized to remove structural/address-derived recovery scaffolding.
FAMILY_229,COMPLETE,UpdateFrameTimersRunTimedTasksAndDispatchMainMode,interrupt/startup,Exact recovered instruction behavior and callers/consumers identify this role; public name was normalized to remove structural/address-derived recovery scaffolding.
FAMILY_230,COMPLETE,InitializeTimedTaskQueueScan,scheduler/task,Exact recovered instruction behavior and callers/consumers identify this role; public name was normalized to remove structural/address-derived recovery scaffolding.
FAMILY_231,COMPLETE,DecodeTimedTaskDelayClass,scheduler/task,Exact recovered instruction behavior and callers/consumers identify this role; public name was normalized to remove structural/address-derived recovery scaffolding.
FAMILY_232,COMPLETE,CountDownTimedTaskDelay,scheduler/task,Exact recovered instruction behavior and callers/consumers identify this role; public name was normalized to remove structural/address-derived recovery scaffolding.
FAMILY_233,COMPLETE,DispatchExpiredTimedTaskCommand,scheduler/task,Exact recovered instruction behavior and callers/consumers identify this role; public name was normalized to remove structural/address-derived recovery scaffolding.
FAMILY_234,COMPLETE,DecodeMazeCommandStreamIntoVideoRam,maze/tile/collision,Exact recovered instruction behavior and callers/consumers identify this role; public name was normalized to remove structural/address-derived recovery scaffolding.
FAMILY_235,COMPLETE,RenderThreePackedBcdScoreDigits,maze/tile/collision,Exact recovered instruction behavior and callers/consumers identify this role; public name was normalized to remove structural/address-derived recovery scaffolding.
FAMILY_236,COMPLETE,InitializeBoardVideoColorAndOutputMemory,utility/other,Exact recovered instruction behavior and callers/consumers identify this role; public name was normalized to remove structural/address-derived recovery scaffolding.
FAMILY_237,COMPLETE,RunRepeatedStartupDelayCalls,interrupt/startup,Exact recovered instruction behavior and callers/consumers identify this role; public name was normalized to remove structural/address-derived recovery scaffolding.
FAMILY_238,COMPLETE,RenderSixDigitPlayerOrHighScore,score/fruit/hud,Exact recovered instruction behavior and callers/consumers identify this role; public name was normalized to remove structural/address-derived recovery scaffolding.
FAMILY_239,COMPLETE,AdvanceAttractOrMainSubstateCounter,scheduler/task,Exact recovered instruction behavior and callers/consumers identify this role; public name was normalized to remove structural/address-derived recovery scaffolding.
FAMILY_240,COMPLETE,DisableHardwareAndClearOutputLatchesForTestGrid,utility/other,Exact recovered instruction behavior and callers/consumers identify this role; public name was normalized to remove structural/address-derived recovery scaffolding.
FAMILY_241,COMPLETE,InitializeHardwareOutputLatchesAfterSelfTest,interrupt/startup,Exact recovered instruction behavior and callers/consumers identify this role; public name was normalized to remove structural/address-derived recovery scaffolding.
FAMILY_242,COMPLETE,DispatchSecondaryMainModeAndPostInitializationTasks,scheduler/task,Exact recovered instruction behavior and callers/consumers identify this role; public name was normalized to remove structural/address-derived recovery scaffolding.
FAMILY_243,COMPLETE,QueueTextTaskAndDelayedStateAdvance,scheduler/task,Exact recovered instruction behavior and callers/consumers identify this role; public name was normalized to remove structural/address-derived recovery scaffolding.
FAMILY_244,COMPLETE,QueueDelayedStateAdvanceAndIncrementSubstate,scheduler/task,Exact recovered instruction behavior and callers/consumers identify this role; public name was normalized to remove structural/address-derived recovery scaffolding.
FAMILY_245,COMPLETE,InitializePacmanAndGhostGameplayStateBlock,actor/ghost/motion,Exact recovered instruction behavior and callers/consumers identify this role; public name was normalized to remove structural/address-derived recovery scaffolding.
FAMILY_246,COMPLETE,ApplyCoinageRatioAndUpdateCreditBcdState,coin/credit/session,Exact recovered instruction behavior and callers/consumers identify this role; public name was normalized to remove structural/address-derived recovery scaffolding.
FAMILY_247,COMPLETE,RunAttractIntroductionStateHandlers,coin/credit/session,Exact recovered instruction behavior and callers/consumers identify this role; public name was normalized to remove structural/address-derived recovery scaffolding.
FAMILY_248,COMPLETE,DrawStationaryGhostIntroductionGraphic,video/display,Exact recovered instruction behavior and callers/consumers identify this role; public name was normalized to remove structural/address-derived recovery scaffolding.
FAMILY_249,COMPLETE,InitializeStartPromptAndReadyState,scheduler/task,Exact recovered instruction behavior and callers/consumers identify this role; public name was normalized to remove structural/address-derived recovery scaffolding.
FAMILY_250,COMPLETE,RefreshCreditDisplayAtStartPrompt,coin/credit/session,Exact recovered instruction behavior and callers/consumers identify this role; public name was normalized to remove structural/address-derived recovery scaffolding.
FAMILY_251,COMPLETE,InitializeDemoCreditModeState,coin/credit/session,Exact recovered instruction behavior and callers/consumers identify this role; public name was normalized to remove structural/address-derived recovery scaffolding.
FAMILY_252,COMPLETE,RenderCreditCountDigits,coin/credit/session,Exact recovered instruction behavior and callers/consumers identify this role; public name was normalized to remove structural/address-derived recovery scaffolding.
FAMILY_253,COMPLETE,DecodeDipSwitchGameConfiguration,game-state/control,Exact recovered instruction behavior and callers/consumers identify this role; public name was normalized to remove structural/address-derived recovery scaffolding.
FAMILY_254,COMPLETE,SelectPlayerScoreAndPrepareDigitRendering,score/fruit/hud,Exact recovered instruction behavior and callers/consumers identify this role; public name was normalized to remove structural/address-derived recovery scaffolding.
FAMILY_255,COMPLETE,FinishStartupAndEnterMainScheduler,interrupt/startup,Exact recovered instruction behavior and callers/consumers identify this role; public name was normalized to remove structural/address-derived recovery scaffolding.
FAMILY_256,COMPLETE,BridgeStartupMemoryClearsIntoHardwareInitialization,interrupt/startup,Exact recovered instruction behavior and callers/consumers identify this role; public name was normalized to remove structural/address-derived recovery scaffolding.
FAMILY_257,COMPLETE,DisplayStartupMemoryDiagnosticResult,interrupt/startup,Exact recovered instruction behavior and callers/consumers identify this role; public name was normalized to remove structural/address-derived recovery scaffolding.
FAMILY_258,COMPLETE,DisplayStartupConfigurationAndDipSettings,interrupt/startup,Exact recovered instruction behavior and callers/consumers identify this role; public name was normalized to remove structural/address-derived recovery scaffolding.
FAMILY_259,COMPLETE,RunStartupInputAndServiceSwitchSelfTest,interrupt/startup,Exact recovered instruction behavior and callers/consumers identify this role; public name was normalized to remove structural/address-derived recovery scaffolding.
FAMILY_260,COMPLETE,DrawMadeByNamcoEasterEggPelletPattern,video/display,Writes pellet tile $14 following the delta stream at $3A4F to draw the hidden MADE BY NAMCO easter-egg pattern.
FAMILY_261,COMPLETE,PelletCountLevelCompletionAndGameplayFrameUpdate,game-state/control,Checks the 244-pellet completion condition and otherwise runs the gameplay per-frame ghost/frightened/flash/audio/fruit update chain.
FAMILY_262,COMPLETE,GateGameplayUpdateWhilePacmanDeathAnimationRuns,game-state/control,Exact recovered instruction behavior and callers/consumers identify this role; public name was normalized to remove structural/address-derived recovery scaffolding.
FAMILY_263,COMPLETE,GhostHouseReleaseTimeoutCounter,actor/ghost/motion,Called once per gameplay update to compare pellet-progress/timeout state and trigger waiting-ghost release processing.
FAMILY_264,COMPLETE,GhostHouseMovementCollisionGate,actor/ghost/motion,"Suppresses ghost-house exit movement while a ghost-eat collision transaction is pending, then falls through to the house movement controller."
FAMILY_265,COMPLETE,GhostAnimationEightFrameDivider,actor/ghost/motion,Counts eight game steps before toggling the ghost animation frame state.
FAMILY_266,COMPLETE,ScatterChaseReversalEnergizerGate,actor/ghost/motion,"Prevents scheduled scatter/chase reversal while energizer mode is active, otherwise enters reversal scheduling."
FAMILY_267,COMPLETE,FrightenedGhostColorUpdateCollisionGate,actor/ghost/motion,"Suppresses frightened flashing/color updates while a ghost-eat collision transaction is pending, then enters frightened sprite-color logic."
FAMILY_268,COMPLETE,AssignColorsForDeadGhostEyes,actor/ghost/motion,Exact recovered instruction behavior and callers/consumers identify this role; public name was normalized to remove structural/address-derived recovery scaffolding.
FAMILY_269,COMPLETE,PowerPelletFlashCounterGate,maze/tile/collision,Ten-step divider controlling the periodic visible/invisible power-pellet flash update.
FAMILY_270,COMPLETE,SelectBackgroundSirenSpeedFromPelletProgress,game-state/control,Exact recovered instruction behavior and callers/consumers identify this role; public name was normalized to remove structural/address-derived recovery scaffolding.
FAMILY_271,COMPLETE,FruitSpawnPacmanDeathGate,score/fruit/hud,"Prevents fruit-spawn/update processing while Pac-Man death animation is active, then enters the fruit trigger routine."
FAMILY_272,COMPLETE,PacmanDeathAnimationStateDispatch,game-state/control,Dispatches on Pac-Man death-animation state $4DA5 through the inline death-state table.
FAMILY_273,COMPLETE,PacmanDeathInitialPauseTimer,game-state/control,Counts the initial 120-step post-collision pause and advances death state to the sprite-animation sequence.
FAMILY_274,COMPLETE,PacmanDeathAnimationFramesAndLifeTransition,game-state/control,"Runs timed Pac-Man death sprite frames, death sound phase, life decrement, actor clear and transition to the next gameplay state."
FAMILY_275,COMPLETE,ResetGhostHouseCounterAndOptionalBlinkyRelease,actor/ghost/motion,"Task #5 resets the ghost-house movement counter to $55 and, when parameterized, marks Blinky to leave the house."
FAMILY_276,COMPLETE,ClearGameplayWorkRamStateBlock,game-state/control,Exact recovered instruction behavior and callers/consumers identify this role; public name was normalized to remove structural/address-derived recovery scaffolding.
FAMILY_277,COMPLETE,EraseMazePelletsAndEnergizersFromVideoRam,maze/tile/collision,Scans maze video RAM $4040-$43BF and replaces pellet/energizer tile codes $10/$12/$14 with blank tile $40.
FAMILY_278,COMPLETE,DrawPelletsFromOccupancyBitfield,maze/tile/collision,Exact recovered instruction behavior and callers/consumers identify this role; public name was normalized to remove structural/address-derived recovery scaffolding.
FAMILY_279,COMPLETE,SetupDifficultyFromTaskParameter,game-state/control,Exact recovered instruction behavior and callers/consumers identify this role; public name was normalized to remove structural/address-derived recovery scaffolding.
FAMILY_280,COMPLETE,LoadDifficultyProfileAndDerivedGameplayParameters,game-state/control,Exact recovered instruction behavior and callers/consumers identify this role; public name was normalized to remove structural/address-derived recovery scaffolding.
FAMILY_281,COMPLETE,LoadDifficultySpeedAndTimingParameters,game-state/control,"Copies the selected level difficulty record into $4D46-$4D94, including actor speed patterns and reversal timing values."
FAMILY_282,COMPLETE,LoadDifficultyReleaseThresholdParameters,game-state/control,Copies the selected three-byte difficulty subrecord into $4DB8-$4DBA for ghost-house release thresholds.
FAMILY_283,COMPLETE,ChooseBlinkyTargetDirection,actor/ghost/motion,Exact recovered instruction behavior and callers/consumers identify this role; public name was normalized to remove structural/address-derived recovery scaffolding.
FAMILY_284,COMPLETE,ChoosePinkyTargetDirection,actor/ghost/motion,Exact recovered instruction behavior and callers/consumers identify this role; public name was normalized to remove structural/address-derived recovery scaffolding.
FAMILY_285,COMPLETE,ChooseInkyTargetDirection,actor/ghost/motion,Exact recovered instruction behavior and callers/consumers identify this role; public name was normalized to remove structural/address-derived recovery scaffolding.
FAMILY_286,COMPLETE,ChooseClydeTargetDirection,actor/ghost/motion,Exact recovered instruction behavior and callers/consumers identify this role; public name was normalized to remove structural/address-derived recovery scaffolding.
FAMILY_287,COMPLETE,ChooseBlinkyFrightenedDirection,actor/ghost/motion,Exact recovered instruction behavior and callers/consumers identify this role; public name was normalized to remove structural/address-derived recovery scaffolding.
FAMILY_288,COMPLETE,ChoosePinkyFrightenedDirection,actor/ghost/motion,Exact recovered instruction behavior and callers/consumers identify this role; public name was normalized to remove structural/address-derived recovery scaffolding.
FAMILY_289,COMPLETE,ChooseInkyFrightenedDirection,actor/ghost/motion,Exact recovered instruction behavior and callers/consumers identify this role; public name was normalized to remove structural/address-derived recovery scaffolding.
FAMILY_290,COMPLETE,ChooseClydeFrightenedDirection,actor/ghost/motion,Exact recovered instruction behavior and callers/consumers identify this role; public name was normalized to remove structural/address-derived recovery scaffolding.
FAMILY_291,COMPLETE,ChoosePacmanAttractModeAutopilotDirection,actor/ghost/motion,Exact recovered instruction behavior and callers/consumers identify this role; public name was normalized to remove structural/address-derived recovery scaffolding.
FAMILY_292,COMPLETE,ChooseRandomLegalFrightenedGhostDirection,actor/ghost/motion,Exact recovered instruction behavior and callers/consumers identify this role; public name was normalized to remove structural/address-derived recovery scaffolding.
FAMILY_293,COMPLETE,ChooseLegalGhostDirectionTowardTargetTile,actor/ghost/motion,Exact recovered instruction behavior and callers/consumers identify this role; public name was normalized to remove structural/address-derived recovery scaffolding.
FAMILY_294,COMPLETE,ComputeSquaredTileDistance,actor/ghost/motion,Exact recovered instruction behavior and callers/consumers identify this role; public name was normalized to remove structural/address-derived recovery scaffolding.
FAMILY_295,COMPLETE,SquareUnsignedEightBitDelta,actor/ghost/motion,Exact recovered instruction behavior and callers/consumers identify this role; public name was normalized to remove structural/address-derived recovery scaffolding.
FAMILY_296,COMPLETE,GenerateRomSampledPseudoRandomByte,actor/ghost/motion,Exact recovered instruction behavior and callers/consumers identify this role; public name was normalized to remove structural/address-derived recovery scaffolding.
FAMILY_297,COMPLETE,AddGameplayScoreAndUpdateHighScore,score/fruit/hud,Exact recovered instruction behavior and callers/consumers identify this role; public name was normalized to remove structural/address-derived recovery scaffolding.
FAMILY_298,COMPLETE,SelectCurrentPlayerScoreDisplayAddress,score/fruit/hud,Exact recovered instruction behavior and callers/consumers identify this role; public name was normalized to remove structural/address-derived recovery scaffolding.
FAMILY_299,COMPLETE,SelectCurrentPlayerScoreRamAddress,coin/credit/session,Exact recovered instruction behavior and callers/consumers identify this role; public name was normalized to remove structural/address-derived recovery scaffolding.
FAMILY_300,COMPLETE,AwardExtraLifeAndTriggerSound,coin/credit/session,Exact recovered instruction behavior and callers/consumers identify this role; public name was normalized to remove structural/address-derived recovery scaffolding.
FAMILY_301,COMPLETE,DrawLevelFruitHistoryHud,score/fruit/hud,Exact recovered instruction behavior and callers/consumers identify this role; public name was normalized to remove structural/address-derived recovery scaffolding.
FAMILY_302,COMPLETE,ConvertSpritePositionToVideoAddressViaSharedMapper,actor/ghost/motion,Exact recovered instruction behavior and callers/consumers identify this role; public name was normalized to remove structural/address-derived recovery scaffolding.
FAMILY_303,COMPLETE,AddMovementVectorToSpritePosition,actor/ghost/motion,Exact recovered instruction behavior and callers/consumers identify this role; public name was normalized to remove structural/address-derived recovery scaffolding.
FAMILY_304,COMPLETE,ProbeMazeTileAtProposedPosition,maze/tile/collision,Exact recovered instruction behavior and callers/consumers identify this role; public name was normalized to remove structural/address-derived recovery scaffolding.
FAMILY_305,COMPLETE,ConvertSpritePixelPositionToTileCoordinates,actor/ghost/motion,Exact recovered instruction behavior and callers/consumers identify this role; public name was normalized to remove structural/address-derived recovery scaffolding.
FAMILY_306,COMPLETE,ConvertTileCoordinatesToVideoRamAddress,actor/ghost/motion,Exact recovered instruction behavior and callers/consumers identify this role; public name was normalized to remove structural/address-derived recovery scaffolding.
FAMILY_307,COMPLETE,ClearReadyMessageTimedTask,scheduler/task,"Delayed-command selector #6 queues task $1C with parameter $86, the task used to erase the READY! message."
FAMILY_308,COMPLETE,ClearFruitSpriteTimedTask,score/fruit/hud,Delayed-command selector #4 clears fruit-active state/timer and fruit sprite position state.
FAMILY_309,COMPLETE,ClearFruitScoreSpriteTimedTask,score/fruit/hud,Delayed-command selector #5 queues the commands that clear the fruit-score sprite after its display interval.
FAMILY_310,COMPLETE,IncrementEatenGhostAnimationStateTimedTask,actor/ghost/motion,"Delayed-command selector #3 increments $4DD1, the eaten-ghost score/animation state."
FAMILY_311,COMPLETE,ConvertTileCoordinatesToColorRamAddress,maze/tile/collision,Exact recovered instruction behavior and callers/consumers identify this role; public name was normalized to remove structural/address-derived recovery scaffolding.
FAMILY_312,COMPLETE,SetGhostTunnelSlowdownFlagFromTileColor,maze/tile/collision,Exact recovered instruction behavior and callers/consumers identify this role; public name was normalized to remove structural/address-derived recovery scaffolding.
FAMILY_313,COMPLETE,PinkyGhostHouseReleaseCheck,actor/ghost/motion,Checks Pinky house state and either global post-death or personal dot counter threshold before marking Pinky to leave.
FAMILY_314,COMPLETE,InkyGhostHouseReleaseCheck,actor/ghost/motion,Checks Inky house state and either global post-death or personal dot counter threshold before marking Inky to leave.
FAMILY_315,COMPLETE,ClydeGhostHouseReleaseCheck,actor/ghost/motion,Checks Clyde house state and either global post-death or personal dot counter threshold before marking Clyde to leave/resetting global release mode.
FAMILY_316,COMPLETE,ElroyDifficultyFlagsFromPelletCount,actor/ghost/motion,Sets the two Blinky Cruise Elroy difficulty flags when remaining-pellet counts cross the configured thresholds $4DBB/$4DBC.
FAMILY_317,COMPLETE,AttractPointValueLegendDisplay,intermission/attract,Attract-state handler queues the dot 10-point text and draws the energizer 50-point text legend.
FAMILY_318,COMPLETE,PrepareAttractDemoAndInvisibleMaze,intermission/attract,"Draws copyright text, initializes game/difficulty/ghost-house state and prepares the invisible-maze Pac-Man attract demo."
FAMILY_319,COMPLETE,RunPacmanAttractGameplayDemo,intermission/attract,"Runs the Pac-Man-only chase/energizer attract demonstration, including core actor updates, ghost animation/colors and direction reversals."
FAMILY_320,COMPLETE,DemoReleasePinkyAtThreshold,intermission/attract,Attract-state threshold handler releases Pinky when Blinky reaches the scripted X position.
FAMILY_321,COMPLETE,DemoReleaseInkyAtThreshold,intermission/attract,Attract-state threshold handler releases Inky when Blinky reaches the scripted X position.
FAMILY_322,COMPLETE,DemoReleaseClydeAtThreshold,intermission/attract,Attract-state threshold handler releases Clyde when Blinky reaches the scripted X position.
FAMILY_323,COMPLETE,CheckAttractDemoCompletion,intermission/attract,Combines eaten-ghost count and eaten-ghost animation state; advances the attract state once the scripted ghost-eating sequence is complete.
FAMILY_324,COMPLETE,EndAttractDemoAndReturnToTitle,intermission/attract,Calls the attract/demo cleanup routine and returns to the outer attract-state flow.
FAMILY_325,COMPLETE,GameOverCheckAndTwoPlayerTurnSwap,coin/credit/session,"Checks remaining players/lives, displays game-over transition when needed, or swaps the 46-byte per-player state block and activates the other player."
FAMILY_326,COMPLETE,EndOfLevelMazeFlashSequencer,game-state/control,"Alternates maze display commands at end of level, schedules state advancement, clears actors, and advances through the flashing sequence."
FAMILY_327,COMPLETE,FirstIntermissionState0ChaseUpdate,intermission/attract,First-intermission state 0 advances Pac-Man/Blinky chase motion and switches Blinky state at the scripted Pac-Man X threshold.
FAMILY_328,COMPLETE,FirstIntermissionState1PositionGate,intermission/attract,"First-intermission state 1 continues chase motion until Pac-Man reaches the scripted position, then advances the intermission state."
FAMILY_329,COMPLETE,FirstIntermissionState2EnergizerTurnSetup,intermission/attract,"First-intermission state 2 waits for Blinky position, triggers energizer/reversal setup, clears sound channels and schedules the next state."
FAMILY_330,COMPLETE,FirstIntermissionState4BlinkyPositionGate,intermission/attract,"First-intermission state 4 continues ghost motion until Blinky reaches the scripted X position, then advances."
FAMILY_331,COMPLETE,FirstIntermissionState5PacmanPositionGate,intermission/attract,"First-intermission state 5 continues chase motion until Pac-Man reaches the scripted X position, then advances."
FAMILY_332,COMPLETE,FirstIntermissionState6Finish,intermission/attract,"Final first-intermission state advances Pac-Man, detects the terminal position, resets intermission state and schedules return to gameplay."
FAMILY_333,COMPLETE,InitializeSecondIntermissionSceneTilesAndDelay,intermission/attract,Exact recovered instruction behavior and callers/consumers identify this role; public name was normalized to remove structural/address-derived recovery scaffolding.
FAMILY_334,COMPLETE,ReleaseBlinkyAtSecondIntermissionPacmanThreshold,intermission/attract,Exact recovered instruction behavior and callers/consumers identify this role; public name was normalized to remove structural/address-derived recovery scaffolding.
FAMILY_335,COMPLETE,ChangeSecondIntermissionSpeedAtBlinkyPosition,intermission/attract,Exact recovered instruction behavior and callers/consumers identify this role; public name was normalized to remove structural/address-derived recovery scaffolding.
FAMILY_336,COMPLETE,DrawSecondIntermissionRipAnimationStageOne,intermission/attract,Exact recovered instruction behavior and callers/consumers identify this role; public name was normalized to remove structural/address-derived recovery scaffolding.
FAMILY_337,COMPLETE,DrawSecondIntermissionRipAnimationStageTwo,intermission/attract,Exact recovered instruction behavior and callers/consumers identify this role; public name was normalized to remove structural/address-derived recovery scaffolding.
FAMILY_338,COMPLETE,AdvanceSecondIntermissionMotionFrame,intermission/attract,Exact recovered instruction behavior and callers/consumers identify this role; public name was normalized to remove structural/address-derived recovery scaffolding.
FAMILY_339,COMPLETE,DrawSecondIntermissionRipAnimationStageThree,intermission/attract,Exact recovered instruction behavior and callers/consumers identify this role; public name was normalized to remove structural/address-derived recovery scaffolding.
FAMILY_340,COMPLETE,ScheduleSecondIntermissionPauseAtBlinkyEdge,intermission/attract,Exact recovered instruction behavior and callers/consumers identify this role; public name was normalized to remove structural/address-derived recovery scaffolding.
FAMILY_341,COMPLETE,AdvanceBlinkyAndDrawSecondIntermissionFinalRipStage,intermission/attract,Exact recovered instruction behavior and callers/consumers identify this role; public name was normalized to remove structural/address-derived recovery scaffolding.
FAMILY_342,COMPLETE,ScheduleSecondIntermissionFinalPause,intermission/attract,Exact recovered instruction behavior and callers/consumers identify this role; public name was normalized to remove structural/address-derived recovery scaffolding.
FAMILY_343,COMPLETE,FinishSecondIntermissionAndResumeGameplay,intermission/attract,Exact recovered instruction behavior and callers/consumers identify this role; public name was normalized to remove structural/address-derived recovery scaffolding.
FAMILY_344,COMPLETE,ReleaseBlinkyAtThirdIntermissionPacmanThreshold,intermission/attract,Exact recovered instruction behavior and callers/consumers identify this role; public name was normalized to remove structural/address-derived recovery scaffolding.
FAMILY_345,COMPLETE,WrapBlinkyAndRequestThirdIntermissionReversal,intermission/attract,Exact recovered instruction behavior and callers/consumers identify this role; public name was normalized to remove structural/address-derived recovery scaffolding.
FAMILY_346,COMPLETE,GateThirdIntermissionAtFirstBlinkyTileThreshold,intermission/attract,Exact recovered instruction behavior and callers/consumers identify this role; public name was normalized to remove structural/address-derived recovery scaffolding.
FAMILY_347,COMPLETE,ProjectBlinkyPositionIntoIntermissionAuxSprite,intermission/attract,Exact recovered instruction behavior and callers/consumers identify this role; public name was normalized to remove structural/address-derived recovery scaffolding.
FAMILY_348,COMPLETE,GateThirdIntermissionAtSecondBlinkyTileThreshold,intermission/attract,Exact recovered instruction behavior and callers/consumers identify this role; public name was normalized to remove structural/address-derived recovery scaffolding.
FAMILY_349,COMPLETE,FinishThirdIntermissionAndResumeGameplay,intermission/attract,Exact recovered instruction behavior and callers/consumers identify this role; public name was normalized to remove structural/address-derived recovery scaffolding.
FAMILY_350,COMPLETE,PacmanCollisionMovementAndFruitContactBank,actor/ghost/motion,"Large contiguous gameplay bank containing regular-ghost collision ($171D), frightened-ghost collision ($1789), Pac-Man movement ($1806 onward), coordinate/tile stepping and fruit-contact handling through $19C4."
FAMILY_351,COMPLETE,PacmanPelletConsumptionAndTurnDecisionBank,maze/tile/collision,"Handles Pac-Man pellet/energizer tile consumption, dot count/score/sound updates, energizer activation callout, and queued turn/tunnel decision logic through $1A3F."
FAMILY_352,COMPLETE,EnergizerActivationAndBlinkyMovementControllerBank,actor/ghost/motion,"Contains demo Pac-Man movement, energizer/frightened-mode activation, direction-vector preparation, and the main Blinky movement controller beginning at $1B36."
FAMILY_353,COMPLETE,BlinkyTunnelAndTurnDecisionTail,actor/ghost/motion,Blinky movement continuation selecting tunnel/turn behavior and queuing the direction task before rejoining the main movement path.
FAMILY_354,COMPLETE,BlinkyMovementTailAndPinkyControllerBank,actor/ghost/motion,"Finishes Blinky directional stepping and contains the main Pinky movement controller, tunnel-speed checks, target-direction selection and coordinate update."
FAMILY_355,COMPLETE,PinkyTunnelAndTurnDecisionTail,actor/ghost/motion,Pinky movement continuation selecting tunnel/turn behavior and queuing the direction task before rejoining the main movement path.
FAMILY_356,COMPLETE,PinkyMovementTailAndInkyControllerBank,actor/ghost/motion,"Finishes Pinky directional stepping and contains the main Inky movement controller, tunnel-speed checks, target-direction selection and coordinate update."
FAMILY_357,COMPLETE,InkyTunnelAndTurnDecisionTail,actor/ghost/motion,Inky movement continuation selecting tunnel/turn behavior and queuing the direction task before rejoining the main movement path.
FAMILY_358,COMPLETE,InkyMovementTailAndClydeControllerBank,actor/ghost/motion,"Finishes Inky directional stepping and contains the main Clyde movement controller, tunnel-speed checks, target-direction selection and coordinate update."
FAMILY_359,COMPLETE,ClydeTunnelAndTurnDecisionTail,actor/ghost/motion,Clyde movement continuation selecting tunnel/turn behavior and queuing the direction task before rejoining the main movement path.
FAMILY_360,COMPLETE,ClydeMovementTailAndGhostReversalHelpers,actor/ghost/motion,Finishes Clyde directional stepping and contains shared tunnel test plus Blinky/Pinky/Inky/Clyde direction-reversal helpers at $1EFE/$1F25/$1F4C/$1F73.
FAMILY_361,COMPLETE,PacmanEnergizerDirectionReversal,actor/ghost/motion,"Consumes the Pac-Man change-orientation flag, reverses the current orientation and loads the matching movement vector; used at energizer/cutscene reversal points."
FAMILY_362,COMPLETE,InitializePelletOccupancyState,maze/tile/collision,Calls $24C9 during level setup to initialize the RAM pellet/power-pellet occupancy map before advancing the state.
FAMILY_363,COMPLETE,SwapTwoPlayerPerLevelStateBlocks,coin/credit/session,Swaps the 46-byte $4E0A-$4E37 and $4E38-$4E65 player state blocks when alternating players.
FAMILY_364,COMPLETE,FrightenedGhostFlashAndColorController,actor/ghost/motion,Uses frightened timer/state at $4DC8/$4DA6-$4DAA to alternate blue/white ghost sprite codes/colors and count down the flash interval.
FAMILY_365,COMPLETE,ClydeSpriteColorWriteTail,actor/ghost/motion,Final frightened/dead-ghost color path writes the selected color byte into Clyde sprite color slot (IX+9).
FAMILY_366,COMPLETE,PowerPelletVisibleFlashUpdate,maze/tile/collision,Resets the flash divider and toggles the four energizer screen tiles between visible pellet frames during play or attract mode.
FAMILY_367,COMPLETE,GhostHouseExitMovementController,actor/ghost/motion,"Moves Blinky/Pinky/Inky/Clyde through their ghost-house exit trajectories, sets tile positions/orientations, and marks each ghost outside when the scripted coordinates are reached."
FAMILY_368,COMPLETE,ToggleGhostAnimationFrame,actor/ghost/motion,"Resets the eight-step animation divider and toggles $4DC0, the shared ghost animation frame selector."
FAMILY_369,COMPLETE,ScatterChaseReversalScheduler,actor/ghost/motion,"Counts the configured reversal intervals from $4D86, advances the reversal phase index, and sets per-ghost reversal request flags $4DB1-$4DB4."
FAMILY_370,COMPLETE,FruitSpawnTriggerAndLevelSelection,score/fruit/hud,"At pellet counts 70 and 170, if no fruit is active, selects fruit sprite/value/timer from the level table at $0EFD and schedules its expiration."
FAMILY_371,COMPLETE,FruitSpawnScheduleReturn,score/fruit/hud,Return seam immediately following the inline delayed-command payload used by fruit spawning.
FAMILY_372,COMPLETE,GameplayGhostCollisionAndMovementFrameController,actor/ghost/motion,"Central ghost-side gameplay tick: resolves eaten/dead states, dispatches returning-eyes behavior, handles regular/frightened collisions, updates Pac-Man plus all four ghosts, frightened timer and house-release checks."
FAMILY_373,COMPLETE,PinkyGhostStateDispatch,actor/ghost/motion,Dispatches Pinky state $4DAD through the returning-eyes/house state table.
FAMILY_374,COMPLETE,InkyGhostStateDispatch,actor/ghost/motion,Dispatches Inky state $4DAE through the returning-eyes/house state table.
FAMILY_375,COMPLETE,ClydeGhostStateDispatch,actor/ghost/motion,Dispatches Clyde state $4DAF through the returning-eyes/house state table.
FAMILY_376,COMPLETE,EatenGhostEyesReturnToHouseControllers,actor/ghost/motion,"Per-ghost state handlers steer Blinky/Pinky/Inky/Clyde eyes back into the ghost house, restore tile/orientation/house state, and stop the eyes-return sound once all are normal."
FAMILY_377,COMPLETE,EatenGhostPointSpriteAndDelaySetup,score/fruit/hud,"Builds the 200/400/800/1600 eaten-ghost point sprite for the collided ghost, handles cocktail flip, and schedules the next eaten-ghost animation state."
FAMILY_378,COMPLETE,FinalizeEatenGhostToEyesTransition,actor/ghost/motion,"Replaces the point sprite, records which ghost transitions to eyes state, clears collision/score state, and enables the eyes-return sound effect."
FAMILY_379,COMPLETE,FrightenedModeTimerExpirationAndCleanup,actor/ghost/motion,"Controls the blue-ghost timer and, when time expires or all frightened ghosts are resolved, restores sprite/color flags, clears frightened counters and disables frightened sound state."
FAMILY_380,COMPLETE,GhostHouseReleaseSequenceTrigger,actor/ghost/motion,"Resets the release timeout counter and invokes Pinky/Inky/Clyde release thresholds in order, stopping at the first ghost still waiting as required by the house-release rules."
FAMILY_381,COMPLETE,OriginalHardwareRst38InterruptAndCoinCounterClearLoop,interrupt/startup,Exact recovered instruction behavior and callers/consumers identify this role; public name was normalized to remove structural/address-derived recovery scaffolding.
