span_id,start_address,end_address_inclusive,semantic_status,semantic_label,semantic_detail,confidence,evidence_basis
DATA_000,$0068,$008C,COMPLETE,normal_and_hard_level_difficulty_progression_tables,"$0068-$007C is the 21-entry normal level-to-difficulty-rank progression (00..14). $007D-$008C is the 16-entry hard progression that skips selected lower ranks and reaches $14. The game stores one of these pointers at $4E0A, $070E reads the current rank, and $0A94 advances the pointer after a board. $272C/$272E are the normal/hard pointer selectors.",HIGH,Recovered Pac-Man consumers plus byte layout; independent same-address documentation used as cross-check where noted.
DATA_001,$0219,$0220,COMPLETE,frame_timer_phase_threshold_pairs,"Four two-byte threshold pairs consumed from DE=$0219 by $01DC. For each of four frame-timer bytes at $4C86+, the low-nibble and high-nibble phases are compared against the corresponding pair; threshold crossings update the coarse timing/phase flags used by the VBlank-driven game timing state.",HIGH,Recovered Pac-Man consumers plus byte layout; independent same-address documentation used as cross-check where noted.
DATA_046,$0796,$0813,COMPLETE,level_difficulty_profile_index_records_21x6,Twenty-one six-byte difficulty-profile records selected by $070E. Record fields are: [0] speed/orientation profile index into the $330F 42-byte records; [1] auxiliary byte copied to $4DB0; [2] ghost-house release-counter profile index into $0843; [3] Cruise-Elroy remaining-pellet threshold profile index into $084F; [4] frightened-duration index into $0861; [5] ghost-house release-delay index into $0873.,HIGH,Recovered Pac-Man consumers plus byte layout; independent same-address documentation used as cross-check where noted.
DATA_047,$0843,$0878,COMPLETE,ghost_release_elroy_and_frightened_timing_subtables,$0843-$084E: four 3-byte Pinky/Inky/Clyde ghost-house release-counter threshold sets. $084F-$0860: nine 2-byte Cruise-Elroy remaining-pellet threshold pairs. $0861-$0872: nine little-endian frightened-mode duration values. $0873-$0878: three little-endian ghost-house release-delay values. $070E indexes these through the six-byte profile records at $0796.,HIGH,Recovered Pac-Man consumers plus byte layout; independent same-address documentation used as cross-check where noted.
DATA_088,$0EFD,$0FFF,COMPLETE,fruit_level_descriptors_padding_and_rom0_checksum,"$0EFD-$0F3B contains 21 three-byte fruit descriptors selected by level (level index capped at $14): sprite/tile code, color code, and score-table selector written to $4DD4. $0F3C-$0FFD is zero-filled tail space outside the bounded fruit selector. $0FFE-$0FFF are the canonical bank-$0000-$0FFF checksum bytes $48,$36 used by the startup ROM test.",HIGH,Recovered Pac-Man consumers plus byte layout; independent same-address documentation used as cross-check where noted.
DATA_109,$1F9A,$1FFF,COMPLETE,rng_sampleable_zero_tail_and_rom1_checksum,"$1F9A-$1FFD is zero-filled ROM tail. It has no structured gameplay table consumer, but it lies inside the $0000-$1FFF address domain sampled by the frightened-mode pseudo-random routine at $2A23, so reads can legitimately return these zero bytes. $1FFE-$1FFF are checksum bytes $5D,$E1 for the $1000-$1FFF ROM bank.",HIGH,Recovered Pac-Man consumers plus byte layout; independent same-address documentation used as cross-check where noted.
DATA_123,$2728,$272F,COMPLETE,bonus_life_and_difficulty_dip_lookup_tables,"$2728-$272B maps the bonus-life DIP selection to packed values 10, 15, 20 (thousand points) or $FF for no bonus life. $272C-$272F stores two little-endian pointers, $0068 and $007D, selecting the normal or hard level-difficulty progression table.",HIGH,Recovered Pac-Man consumers plus byte layout; independent same-address documentation used as cross-check where noted.
DATA_124,$2B17,$2B32,COMPLETE,item_and_fruit_score_increment_table_14x16bit_bcd,"Fourteen two-byte packed-BCD score increments indexed by the item code at $2A60 via RST $18: dot=10, energizer=50, frightened ghosts=200/400/800/1600, then fruit values 100/300/500/700/1000/2000/3000/5000. Values are added digitwise to the current player score.",HIGH,Recovered Pac-Man consumers plus byte layout; independent same-address documentation used as cross-check where noted.
DATA_126,$2C44,$2C5D,COMPLETE,dormant_unreferenced_binary_byte_to_packed_bcd_routine_bytes,"This 26-byte region decodes cleanly as a Z80 helper that converts an 8-bit binary value in A to packed BCD: it DAA-normalizes the low nibble, reduces the high nibble, repeatedly adds BCD $16, combines both contributions with DAA, and returns. No certified reachable call/jump enters $2C44, so byte ownership remains non-code; the semantic documentation records the dormant code-shaped payload without changing execution reference.",HIGH,Recovered Pac-Man consumers plus byte layout; independent same-address documentation used as cross-check where noted.
DATA_129,$2FBA,$2FFF,COMPLETE,rom2_zero_fill_tail_and_checksum_bytes,"$2FBA-$2FFD is zero-filled unused tail of the $2000-$2FFF program ROM bank. $2FFE-$2FFF are checksum bytes $83,$4C consumed by the startup ROM integrity test at $3000.",HIGH,Recovered Pac-Man consumers plus byte layout; independent same-address documentation used as cross-check where noted.
DATA_130,$3154,$3154,COMPLETE,startup_ram_test_descriptor_table_first_byte,First byte of the 24-byte startup RAM-test descriptor table at $3154-$316B. $3042 deliberately sets SP=$3154 and POPs six 4-byte descriptors: a 16-bit target base plus nibble mask and repeat count. This byte is the low byte of the first target $4C00; the table continues through DATA_131.,HIGH,Recovered Pac-Man consumers plus byte layout; independent same-address documentation used as cross-check where noted.
DATA_131,$3155,$316B,COMPLETE,startup_ram_test_descriptor_table_remainder,"Remainder of the active six-record startup RAM-test descriptor table begun at $3154. Records test low/high nibbles of work RAM $4C00, video RAM $4000, and color RAM $4400 with masks $0F/$F0 and count $04. $3042 consumes this tail indirectly by setting SP=$3154 and POPping successive words; the table remains part of the same exact source ownership span.",HIGH,Direct disassembly proof at $3042 plus historical same-address RAM-test table documentation.
DATA_132,$316C,$3173,COMPLETE,startup_memory_error_glyph_pair_table,"Four two-byte glyph pairs used by the startup memory-test failure renderer: $4F40 (""O ""), $4157 (""AW""), $4156 (""AV""), and $4143 (""AC""). $310C/$3113/$311A/$311F select these pairs to complete the BAD ROM/WRAM/VRAM/CRAM diagnostic text.",HIGH,Recovered Pac-Man consumers plus byte layout; independent same-address documentation used as cross-check where noted.
DATA_133,$32F9,$330C,COMPLETE,bonus_display_digits_and_direction_delta_tables,"$32F9-$32FE holds the service/options bonus-life display digit pairs ""10"", ""15"", and ""20"". $32FF-$3306 is the primary four-entry signed tile delta table (right=00,FF; down=01,00; left=00,01; up=FF,00). $3307-$330C contains the first three entries of a second identical direction table used by movement/orientation logic; its final up vector is DATA_134.",HIGH,Recovered Pac-Man consumers plus byte layout; independent same-address documentation used as cross-check where noted.
DATA_134,$330D,$330E,COMPLETE,secondary_direction_delta_table_up_vector,"Final two-byte signed up vector $FF,$00 of the duplicate four-direction tile-delta table at $3307-$330E. Multiple movement and direction-selection paths index the table as two bytes per orientation; this span is semantically part of that table and is consumed through the same indexed direction-selection paths.",HIGH,Recovered Pac-Man consumers plus byte layout; independent same-address documentation used as cross-check where noted.
DATA_135,$330F,$35B1,COMPLETE,difficulty_speed_motion_records_and_compressed_maze_tile_stream,"$330F-$3434 is seven 42-byte difficulty records. Each record contains 16 speed bit-pattern bytes, 12 ghost movement bit-pattern bytes, and 14 orientation/scatter-chase timing bytes copied into runtime difficulty state. $3435-$35B1 is the zero-terminated Pac-Man maze tile stream consumed at $2419: positive control bytes advance the VRAM cursor by a skip count and are followed by a tile byte; bytes with bit 7 set are literal tile bytes at the next cell. The renderer also writes the mirrored counterpart/color relationship, reconstructing the symmetric maze.",HIGH,Recovered Pac-Man consumers plus byte layout; independent same-address documentation used as cross-check where noted.
DATA_136,$35B2,$35B4,COMPLETE,maze_table_to_pellet_table_alignment_padding,Three zero bytes between the zero-terminated maze tile stream ending before $35B2 and the pellet positional-delta table beginning at $35B5. No live consumer reads these alignment/padding bytes.,HIGH,Recovered Pac-Man consumers plus byte layout; independent same-address documentation used as cross-check where noted.
DATA_137,$35B5,$36D4,COMPLETE,maze_pellet_delta_records_and_text_pointer_table_head,"$35B5-$36A4 is exactly 30 groups of eight positive positional deltas. The pellet renderer walks those deltas while rotating each of the 30 pellet-bitfield bytes at $4E16-$4E33, placing a pellet tile when the corresponding bit is set; the inverse routine rebuilds the bitfield from VRAM. $36A5-$36D4 is the first 24 little-endian entries of the 55-entry DrawText descriptor pointer table (text IDs $00-$17).",HIGH,Recovered Pac-Man consumers plus byte layout; independent same-address documentation used as cross-check where noted.
DATA_138,$36D5,$36DA,COMPLETE,reserved_unused_drawtext_pointer_ids_18_to_1a,"Three little-endian DrawText pointer-table entries for IDs $18,$19,$1A contain $0001,$0002,$0003. They are explicit reserved/unused slots between the active $00-$17 and $1B-$36 text IDs, not arbitrary padding.",HIGH,Recovered Pac-Man consumers plus byte layout; independent same-address documentation used as cross-check where noted.
DATA_139,$36DB,$3720,COMPLETE,drawtext_pointer_table_tail_and_high_score_descriptor_core,"$36DB-$3712 is the remaining 28 little-endian DrawText pointers for IDs $1B-$36, covering score legends, service diagnostics/settings, ghost names/nicknames, placeholders, and PAC-MAN title text. $3713-$3720 begins text ID $00 HIGH SCORE: VRAM offset $83D4, encoded glyph string HIGH SCORE, terminator $2F, and single-color byte $8F. Its unconsumed legacy trailer is DATA_140.",HIGH,Recovered Pac-Man consumers plus byte layout; independent same-address documentation used as cross-check where noted.
DATA_140,$3721,$3722,COMPLETE,drawtext_descriptor_unconsumed_trailer,"$3721-$3722 is the two-byte trailer immediately following a live DrawText descriptor. The preceding descriptor uses a negative (bit-7-set) single-color control byte, so the renderer returns after filling the color and does not consume this trailing $2F/$80-style pair; it is retained for byte-faithful source reconstruction.",HIGH,Recovered Pac-Man consumers plus byte layout; independent same-address documentation used as cross-check where noted.
DATA_141,$3723,$372F,COMPLETE,drawtext_credit_descriptor,"DrawText ID $01. Encoded descriptor at $3723: screen offset $803B, glyphs ""CREDIT   "", terminator $2F, single-color code $8F.",HIGH,Recovered Pac-Man consumers plus byte layout; independent same-address documentation used as cross-check where noted.
DATA_142,$3730,$3731,COMPLETE,drawtext_descriptor_unconsumed_trailer,"$3730-$3731 is the two-byte trailer immediately following a live DrawText descriptor. The preceding descriptor uses a negative (bit-7-set) single-color control byte, so the renderer returns after filling the color and does not consume this trailing $2F/$80-style pair; it is retained for byte-faithful source reconstruction.",HIGH,Recovered Pac-Man consumers plus byte layout; independent same-address documentation used as cross-check where noted.
DATA_143,$3732,$373E,COMPLETE,drawtext_free_play_descriptor,"DrawText ID $02. Screen offset $803B, glyphs ""FREE PLAY"", terminator $2F, single-color code $8F.",HIGH,Recovered Pac-Man consumers plus byte layout; independent same-address documentation used as cross-check where noted.
DATA_144,$373F,$3740,COMPLETE,drawtext_descriptor_unconsumed_trailer,"$373F-$3740 is the two-byte trailer immediately following a live DrawText descriptor. The preceding descriptor uses a negative (bit-7-set) single-color control byte, so the renderer returns after filling the color and does not consume this trailing $2F/$80-style pair; it is retained for byte-faithful source reconstruction.",HIGH,Recovered Pac-Man consumers plus byte layout; independent same-address documentation used as cross-check where noted.
DATA_145,$3741,$374E,COMPLETE,drawtext_player_one_descriptor,"DrawText ID $03. Screen offset $028C, glyphs ""PLAYER ONE"", terminator $2F, single-color code $85. Because the color has bit 7 set, DrawText fills all characters with that one color and returns; the legacy color-list tail is DATA_146.",HIGH,Recovered Pac-Man consumers plus byte layout; independent same-address documentation used as cross-check where noted.
DATA_146,$374F,$3759,COMPLETE,player_one_unconsumed_legacy_color_list_tail,"Bytes following the live PLAYER ONE descriptor: $2F,$10,$10,$1A,$1A,$1A,$1A,$1A,$1A,$10,$10. The live descriptor already supplied negative single-color byte $85, so DrawText fills one color and returns before this list; these are retained legacy/per-character color-list bytes, not live characters.",HIGH,Recovered Pac-Man consumers plus byte layout; independent same-address documentation used as cross-check where noted.
DATA_147,$375A,$3767,COMPLETE,drawtext_player_two_descriptor,"DrawText ID $04. Screen offset $028C, glyphs ""PLAYER TWO"", terminator $2F, single-color code $85.",HIGH,Recovered Pac-Man consumers plus byte layout; independent same-address documentation used as cross-check where noted.
DATA_148,$3768,$3769,COMPLETE,drawtext_descriptor_unconsumed_trailer,"$3768-$3769 is the two-byte trailer immediately following a live DrawText descriptor. The preceding descriptor uses a negative (bit-7-set) single-color control byte, so the renderer returns after filling the color and does not consume this trailing $2F/$80-style pair; it is retained for byte-faithful source reconstruction.",HIGH,Recovered Pac-Man consumers plus byte layout; independent same-address documentation used as cross-check where noted.
DATA_149,$376A,$3777,COMPLETE,drawtext_game_over_descriptor,"DrawText ID $05. Screen offset $0292, glyphs ""GAME  OVER"", terminator $2F, single-color code $81.",HIGH,Recovered Pac-Man consumers plus byte layout; independent same-address documentation used as cross-check where noted.
DATA_150,$3778,$3779,COMPLETE,drawtext_descriptor_unconsumed_trailer,"$3778-$3779 is the two-byte trailer immediately following a live DrawText descriptor. The preceding descriptor uses a negative (bit-7-set) single-color control byte, so the renderer returns after filling the color and does not consume this trailing $2F/$80-style pair; it is retained for byte-faithful source reconstruction.",HIGH,Recovered Pac-Man consumers plus byte layout; independent same-address documentation used as cross-check where noted.
DATA_151,$377A,$3783,COMPLETE,drawtext_ready_descriptor,"DrawText ID $06. Screen offset $0252, glyphs ""READY!"" (tile $5B is the exclamation glyph in this character set), terminator $2F, single-color code $89.",HIGH,Recovered Pac-Man consumers plus byte layout; independent same-address documentation used as cross-check where noted.
DATA_152,$3784,$3785,COMPLETE,drawtext_descriptor_unconsumed_trailer,"$3784-$3785 is the two-byte trailer immediately following a live DrawText descriptor. The preceding descriptor uses a negative (bit-7-set) single-color control byte, so the renderer returns after filling the color and does not consume this trailing $2F/$80-style pair; it is retained for byte-faithful source reconstruction.",HIGH,Recovered Pac-Man consumers plus byte layout; independent same-address documentation used as cross-check where noted.
DATA_153,$3786,$379A,COMPLETE,drawtext_push_start_button_descriptor,"DrawText ID $07. Screen offset $02EE in the canonical bytes, glyphs ""PUSH START BUTTON"", terminator $2F, single-color code $87.",HIGH,Recovered Pac-Man consumers plus byte layout; independent same-address documentation used as cross-check where noted.
DATA_154,$379B,$379C,COMPLETE,drawtext_descriptor_unconsumed_trailer,"$379B-$379C is the two-byte trailer immediately following a live DrawText descriptor. The preceding descriptor uses a negative (bit-7-set) single-color control byte, so the renderer returns after filling the color and does not consume this trailing $2F/$80-style pair; it is retained for byte-faithful source reconstruction.",HIGH,Recovered Pac-Man consumers plus byte layout; independent same-address documentation used as cross-check where noted.
DATA_155,$379D,$37AE,COMPLETE,drawtext_one_player_only_descriptor,"DrawText ID $08. Screen offset $02B2, glyphs ""1 PLAYER ONLY "", terminator $2F, single-color code $85.",HIGH,Recovered Pac-Man consumers plus byte layout; independent same-address documentation used as cross-check where noted.
DATA_156,$37AF,$37B0,COMPLETE,drawtext_descriptor_unconsumed_trailer,"$37AF-$37B0 is the two-byte trailer immediately following a live DrawText descriptor. The preceding descriptor uses a negative (bit-7-set) single-color control byte, so the renderer returns after filling the color and does not consume this trailing $2F/$80-style pair; it is retained for byte-faithful source reconstruction.",HIGH,Recovered Pac-Man consumers plus byte layout; independent same-address documentation used as cross-check where noted.
DATA_157,$37B1,$37C2,COMPLETE,drawtext_one_or_two_players_descriptor,"DrawText ID $09. Screen offset $02B2, glyphs ""1 OR 2 PLAYERS"", terminator $2F, single-color code $85.",HIGH,Recovered Pac-Man consumers plus byte layout; independent same-address documentation used as cross-check where noted.
DATA_158,$37C3,$37DA,COMPLETE,unused_legacy_bonus_puckman_prompt_head,"Unreferenced legacy descriptor fragment: leading terminator/padding followed by screen offset $0396 and glyphs ""BONUS PUCKMAN FOR"". DATA_159 and DATA_160 continue the same orphaned Puckman-era bonus prompt. It has no live pointer in the canonical DrawText table.",HIGH,Recovered Pac-Man consumers plus byte layout; independent same-address documentation used as cross-check where noted.
DATA_159,$37DB,$37DC,COMPLETE,unused_legacy_bonus_prompt_middle_spaces,"Two $40 space glyphs in the orphaned legacy ""BONUS PUCKMAN FOR   000"" descriptor spanning DATA_158-DATA_160. They are preserved source bytes from an unreferenced Puckman-era prompt, not a live standalone object.",HIGH,Recovered Pac-Man consumers plus byte layout; independent same-address documentation used as cross-check where noted.
DATA_160,$37DD,$37E8,COMPLETE,unused_legacy_bonus_puckman_prompt_tail,"Tail of the orphaned legacy ""BONUS PUCKMAN FOR   000"" descriptor: spaces, ""000"", bonus icon glyphs $5D/$5E/$5F, terminator/color bytes, and a final unused trailer. It is preserved but not selected by the live DrawText table.",HIGH,Recovered Pac-Man consumers plus byte layout; independent same-address documentation used as cross-check where noted.
DATA_161,$37E9,$37EA,COMPLETE,unused_legacy_copyright_descriptor_header,"Two-byte screen-offset word $02BA beginning an unreferenced legacy copyright/glyph descriptor whose remaining bytes are in DATA_162. The descriptor displays a copyright symbol sequence and ""1980"" but has no live DrawText pointer in this ROM.",HIGH,Recovered Pac-Man consumers plus byte layout; independent same-address documentation used as cross-check where noted.
DATA_162,$37EB,$37FC,COMPLETE,unused_legacy_copyright_descriptor_body,"Body of the unreferenced descriptor begun in DATA_161: copyright/decorative glyph bytes followed by "" 1980"", terminator $2F, color $83, and trailer $2F,$80. No live DrawText ID points to it.",HIGH,Recovered Pac-Man consumers plus byte layout; independent same-address documentation used as cross-check where noted.
DATA_163,$37FD,$3814,COMPLETE,drawtext_character_nickname_heading_descriptor,"DrawText ID $0C. Screen offset $02C3, glyphs ""CHARACTER : NICKNAME"", terminator $2F, single-color code $8F.",HIGH,Recovered Pac-Man consumers plus byte layout; independent same-address documentation used as cross-check where noted.
DATA_164,$3815,$384B,COMPLETE,unused_alternate_japanese_ghost_name_descriptors,"Unreferenced legacy/alternate ghost-name descriptors preserved after the CHARACTER:NICKNAME heading: AKABEI, MACKY, PINKY, and MICKY, each with screen offsets, decorative glyphs, terminator/color bytes, and trailers. The canonical Pac-Man DrawText table instead points to BLINKY/PINKY/INKY/CLYDE descriptors in the $3Dxx region.",HIGH,Recovered Pac-Man consumers plus byte layout; independent same-address documentation used as cross-check where noted.
DATA_165,$384C,$3857,COMPLETE,drawtext_pellet_ten_points_legend_descriptor,"DrawText ID $11. Pellet symbol followed by "" 10 "" and fruit/score glyphs, terminating with $2F and color $9F; this is the attract/service 10-point pellet legend.",HIGH,Recovered Pac-Man consumers plus byte layout; independent same-address documentation used as cross-check where noted.
DATA_166,$3858,$3859,COMPLETE,drawtext_descriptor_unconsumed_trailer,"$3858-$3859 is the two-byte trailer immediately following a live DrawText descriptor. The preceding descriptor uses a negative (bit-7-set) single-color control byte, so the renderer returns after filling the color and does not consume this trailing $2F/$80-style pair; it is retained for byte-faithful source reconstruction.",HIGH,Recovered Pac-Man consumers plus byte layout; independent same-address documentation used as cross-check where noted.
DATA_167,$385A,$3865,COMPLETE,drawtext_energizer_fifty_points_legend_descriptor,"DrawText ID $12. Energizer symbol followed by "" 50 "" and score glyphs, terminating with $2F and color $9F; this is the 50-point power-pellet legend.",HIGH,Recovered Pac-Man consumers plus byte layout; independent same-address documentation used as cross-check where noted.
DATA_168,$3866,$38BB,COMPLETE,unused_alternate_japanese_ghost_nickname_descriptors,"Unreferenced legacy/alternate nickname descriptors: OIKAKE, URCHIN, MACHIBUSE, and ROMP, with their DrawText offsets/control bytes. They are preserved source data but not pointed to by the canonical active text-ID table.",HIGH,Recovered Pac-Man consumers plus byte layout; independent same-address documentation used as cross-check where noted.
DATA_169,$38BC,$38C1,COMPLETE,drawtext_score_value_100_descriptor,"DrawText score-value descriptor selected by text IDs $1B-$22. Its custom score glyph sequence renders 100 points using Pac-Man score/number tiles, followed by terminator $2F and single-color code $83.",HIGH,Recovered Pac-Man consumers plus byte layout; independent same-address documentation used as cross-check where noted.
DATA_170,$38C2,$38C3,COMPLETE,drawtext_descriptor_unconsumed_trailer,"$38C2-$38C3 is the two-byte trailer immediately following a live DrawText descriptor. The preceding descriptor uses a negative (bit-7-set) single-color control byte, so the renderer returns after filling the color and does not consume this trailing $2F/$80-style pair; it is retained for byte-faithful source reconstruction.",HIGH,Recovered Pac-Man consumers plus byte layout; independent same-address documentation used as cross-check where noted.
DATA_171,$38C4,$38CB,COMPLETE,drawtext_score_value_300_descriptor,"DrawText score-value descriptor selected by text IDs $1B-$22. Its custom score glyph sequence renders 300 points using Pac-Man score/number tiles, followed by terminator $2F and single-color code $83.",HIGH,Recovered Pac-Man consumers plus byte layout; independent same-address documentation used as cross-check where noted.
DATA_172,$38CC,$38CD,COMPLETE,drawtext_descriptor_unconsumed_trailer,"$38CC-$38CD is the two-byte trailer immediately following a live DrawText descriptor. The preceding descriptor uses a negative (bit-7-set) single-color control byte, so the renderer returns after filling the color and does not consume this trailing $2F/$80-style pair; it is retained for byte-faithful source reconstruction.",HIGH,Recovered Pac-Man consumers plus byte layout; independent same-address documentation used as cross-check where noted.
DATA_173,$38CE,$38D5,COMPLETE,drawtext_score_value_500_descriptor,"DrawText score-value descriptor selected by text IDs $1B-$22. Its custom score glyph sequence renders 500 points using Pac-Man score/number tiles, followed by terminator $2F and single-color code $83.",HIGH,Recovered Pac-Man consumers plus byte layout; independent same-address documentation used as cross-check where noted.
DATA_174,$38D6,$38D7,COMPLETE,drawtext_descriptor_unconsumed_trailer,"$38D6-$38D7 is the two-byte trailer immediately following a live DrawText descriptor. The preceding descriptor uses a negative (bit-7-set) single-color control byte, so the renderer returns after filling the color and does not consume this trailing $2F/$80-style pair; it is retained for byte-faithful source reconstruction.",HIGH,Recovered Pac-Man consumers plus byte layout; independent same-address documentation used as cross-check where noted.
DATA_175,$38D8,$38DF,COMPLETE,drawtext_score_value_700_descriptor,"DrawText score-value descriptor selected by text IDs $1B-$22. Its custom score glyph sequence renders 700 points using Pac-Man score/number tiles, followed by terminator $2F and single-color code $83.",HIGH,Recovered Pac-Man consumers plus byte layout; independent same-address documentation used as cross-check where noted.
DATA_176,$38E0,$38E1,COMPLETE,drawtext_descriptor_unconsumed_trailer,"$38E0-$38E1 is the two-byte trailer immediately following a live DrawText descriptor. The preceding descriptor uses a negative (bit-7-set) single-color control byte, so the renderer returns after filling the color and does not consume this trailing $2F/$80-style pair; it is retained for byte-faithful source reconstruction.",HIGH,Recovered Pac-Man consumers plus byte layout; independent same-address documentation used as cross-check where noted.
DATA_177,$38E2,$38E9,COMPLETE,drawtext_score_value_1000_descriptor,"DrawText score-value descriptor selected by text IDs $1B-$22. Its custom score glyph sequence renders 1000 points using Pac-Man score/number tiles, followed by terminator $2F and single-color code $83.",HIGH,Recovered Pac-Man consumers plus byte layout; independent same-address documentation used as cross-check where noted.
DATA_178,$38EA,$38EB,COMPLETE,drawtext_descriptor_unconsumed_trailer,"$38EA-$38EB is the two-byte trailer immediately following a live DrawText descriptor. The preceding descriptor uses a negative (bit-7-set) single-color control byte, so the renderer returns after filling the color and does not consume this trailing $2F/$80-style pair; it is retained for byte-faithful source reconstruction.",HIGH,Recovered Pac-Man consumers plus byte layout; independent same-address documentation used as cross-check where noted.
DATA_179,$38EC,$38F3,COMPLETE,drawtext_score_value_2000_descriptor,"DrawText score-value descriptor selected by text IDs $1B-$22. Its custom score glyph sequence renders 2000 points using Pac-Man score/number tiles, followed by terminator $2F and single-color code $83.",HIGH,Recovered Pac-Man consumers plus byte layout; independent same-address documentation used as cross-check where noted.
DATA_180,$38F4,$38F5,COMPLETE,drawtext_descriptor_unconsumed_trailer,"$38F4-$38F5 is the two-byte trailer immediately following a live DrawText descriptor. The preceding descriptor uses a negative (bit-7-set) single-color control byte, so the renderer returns after filling the color and does not consume this trailing $2F/$80-style pair; it is retained for byte-faithful source reconstruction.",HIGH,Recovered Pac-Man consumers plus byte layout; independent same-address documentation used as cross-check where noted.
DATA_181,$38F6,$38FD,COMPLETE,drawtext_score_value_3000_descriptor,"DrawText score-value descriptor selected by text IDs $1B-$22. Its custom score glyph sequence renders 3000 points using Pac-Man score/number tiles, followed by terminator $2F and single-color code $83.",HIGH,Recovered Pac-Man consumers plus byte layout; independent same-address documentation used as cross-check where noted.
DATA_182,$38FE,$38FF,COMPLETE,drawtext_descriptor_unconsumed_trailer,"$38FE-$38FF is the two-byte trailer immediately following a live DrawText descriptor. The preceding descriptor uses a negative (bit-7-set) single-color control byte, so the renderer returns after filling the color and does not consume this trailing $2F/$80-style pair; it is retained for byte-faithful source reconstruction.",HIGH,Recovered Pac-Man consumers plus byte layout; independent same-address documentation used as cross-check where noted.
DATA_183,$3900,$3907,COMPLETE,drawtext_score_value_5000_descriptor,"DrawText score-value descriptor selected by text IDs $1B-$22. Its custom score glyph sequence renders 5000 points using Pac-Man score/number tiles, followed by terminator $2F and single-color code $83.",HIGH,Recovered Pac-Man consumers plus byte layout; independent same-address documentation used as cross-check where noted.
DATA_184,$3908,$3909,COMPLETE,drawtext_descriptor_unconsumed_trailer,"$3908-$3909 is the two-byte trailer immediately following a live DrawText descriptor. The preceding descriptor uses a negative (bit-7-set) single-color control byte, so the renderer returns after filling the color and does not consume this trailing $2F/$80-style pair; it is retained for byte-faithful source reconstruction.",HIGH,Recovered Pac-Man consumers plus byte layout; independent same-address documentation used as cross-check where noted.
DATA_185,$390A,$3917,COMPLETE,drawtext_memory_ok_descriptor,"DrawText ID $23. Screen offset $0304, glyphs ""MEMORY  OK"", terminator $2F, color $8F; used by startup/service diagnostics.",HIGH,Recovered Pac-Man consumers plus byte layout; independent same-address documentation used as cross-check where noted.
DATA_186,$3918,$3919,COMPLETE,drawtext_descriptor_unconsumed_trailer,"$3918-$3919 is the two-byte trailer immediately following a live DrawText descriptor. The preceding descriptor uses a negative (bit-7-set) single-color control byte, so the renderer returns after filling the color and does not consume this trailing $2F/$80-style pair; it is retained for byte-faithful source reconstruction.",HIGH,Recovered Pac-Man consumers plus byte layout; independent same-address documentation used as cross-check where noted.
DATA_187,$391A,$3927,COMPLETE,drawtext_bad_memory_descriptor,"DrawText ID $24. Screen offset $0304, glyphs ""BAD    R M"", terminator $2F, color $8F; the startup test patches in the memory-region letters using the $316C glyph-pair table.",HIGH,Recovered Pac-Man consumers plus byte layout; independent same-address documentation used as cross-check where noted.
DATA_188,$3928,$3929,COMPLETE,drawtext_descriptor_unconsumed_trailer,"$3928-$3929 is the two-byte trailer immediately following a live DrawText descriptor. The preceding descriptor uses a negative (bit-7-set) single-color control byte, so the renderer returns after filling the color and does not consume this trailing $2F/$80-style pair; it is retained for byte-faithful source reconstruction.",HIGH,Recovered Pac-Man consumers plus byte layout; independent same-address documentation used as cross-check where noted.
DATA_189,$392A,$393E,COMPLETE,drawtext_one_coin_one_credit_descriptor,"DrawText ID $26. Screen offset $0308, glyphs ""1 COIN  1 CREDIT "", terminator $2F, color $8F.",HIGH,Recovered Pac-Man consumers plus byte layout; independent same-address documentation used as cross-check where noted.
DATA_190,$393F,$3940,COMPLETE,drawtext_descriptor_unconsumed_trailer,"$393F-$3940 is the two-byte trailer immediately following a live DrawText descriptor. The preceding descriptor uses a negative (bit-7-set) single-color control byte, so the renderer returns after filling the color and does not consume this trailing $2F/$80-style pair; it is retained for byte-faithful source reconstruction.",HIGH,Recovered Pac-Man consumers plus byte layout; independent same-address documentation used as cross-check where noted.
DATA_191,$3941,$3955,COMPLETE,drawtext_two_coins_one_credit_descriptor,"DrawText ID $28. Screen offset $0308, glyphs ""2 COINS 1 CREDIT "", terminator $2F, color $8F.",HIGH,Recovered Pac-Man consumers plus byte layout; independent same-address documentation used as cross-check where noted.
DATA_192,$3956,$3957,COMPLETE,drawtext_descriptor_unconsumed_trailer,"$3956-$3957 is the two-byte trailer immediately following a live DrawText descriptor. The preceding descriptor uses a negative (bit-7-set) single-color control byte, so the renderer returns after filling the color and does not consume this trailing $2F/$80-style pair; it is retained for byte-faithful source reconstruction.",HIGH,Recovered Pac-Man consumers plus byte layout; independent same-address documentation used as cross-check where noted.
DATA_193,$3958,$396C,COMPLETE,drawtext_one_coin_two_credits_descriptor,"DrawText ID $27. Screen offset $0308, glyphs ""1 COIN  2 CREDITS"", terminator $2F, color $8F.",HIGH,Recovered Pac-Man consumers plus byte layout; independent same-address documentation used as cross-check where noted.
DATA_194,$396D,$396E,COMPLETE,drawtext_descriptor_unconsumed_trailer,"$396D-$396E is the two-byte trailer immediately following a live DrawText descriptor. The preceding descriptor uses a negative (bit-7-set) single-color control byte, so the renderer returns after filling the color and does not consume this trailing $2F/$80-style pair; it is retained for byte-faithful source reconstruction.",HIGH,Recovered Pac-Man consumers plus byte layout; independent same-address documentation used as cross-check where noted.
DATA_195,$396F,$3983,COMPLETE,drawtext_service_free_play_descriptor,"DrawText ID $25. Screen offset $0308, glyphs ""FREE  PLAY       "", terminator $2F, color $8F; service/DIP pricing display.",HIGH,Recovered Pac-Man consumers plus byte layout; independent same-address documentation used as cross-check where noted.
DATA_196,$3984,$3985,COMPLETE,drawtext_descriptor_unconsumed_trailer,"$3984-$3985 is the two-byte trailer immediately following a live DrawText descriptor. The preceding descriptor uses a negative (bit-7-set) single-color control byte, so the renderer returns after filling the color and does not consume this trailing $2F/$80-style pair; it is retained for byte-faithful source reconstruction.",HIGH,Recovered Pac-Man consumers plus byte layout; independent same-address documentation used as cross-check where noted.
DATA_197,$3986,$3994,COMPLETE,drawtext_bonus_none_descriptor,"DrawText ID $2A. Screen offset $030A, glyphs ""BONUS  NONE"", terminator $2F, color $8F.",HIGH,Recovered Pac-Man consumers plus byte layout; independent same-address documentation used as cross-check where noted.
DATA_198,$3995,$3996,COMPLETE,drawtext_descriptor_unconsumed_trailer,"$3995-$3996 is the two-byte trailer immediately following a live DrawText descriptor. The preceding descriptor uses a negative (bit-7-set) single-color control byte, so the renderer returns after filling the color and does not consume this trailing $2F/$80-style pair; it is retained for byte-faithful source reconstruction.",HIGH,Recovered Pac-Man consumers plus byte layout; independent same-address documentation used as cross-check where noted.
DATA_199,$3997,$39A0,COMPLETE,drawtext_bonus_label_descriptor,"DrawText ID $2B. Screen offset $030A, glyphs ""BONUS "", terminator $2F, color $8F; numeric bonus digits are rendered separately.",HIGH,Recovered Pac-Man consumers plus byte layout; independent same-address documentation used as cross-check where noted.
DATA_200,$39A1,$39AF,COMPLETE,unused_legacy_puckman_title_descriptor,"Unreferenced legacy title descriptor containing ""PUCKMAN"" at screen offset $030C, bounded by $2F/$80 trailer bytes. The active text ID $29 points instead to the PAC-MAN title at $3E4F.",HIGH,Recovered Pac-Man consumers plus byte layout; independent same-address documentation used as cross-check where noted.
DATA_201,$39B0,$39BA,COMPLETE,drawtext_table_descriptor,"DrawText ID $2C. Screen offset $030E, glyphs ""TABLE  "", terminator $2F, color $8F; cabinet-mode service text.",HIGH,Recovered Pac-Man consumers plus byte layout; independent same-address documentation used as cross-check where noted.
DATA_202,$39BB,$39BC,COMPLETE,drawtext_descriptor_unconsumed_trailer,"$39BB-$39BC is the two-byte trailer immediately following a live DrawText descriptor. The preceding descriptor uses a negative (bit-7-set) single-color control byte, so the renderer returns after filling the color and does not consume this trailing $2F/$80-style pair; it is retained for byte-faithful source reconstruction.",HIGH,Recovered Pac-Man consumers plus byte layout; independent same-address documentation used as cross-check where noted.
DATA_203,$39BD,$39C7,COMPLETE,drawtext_upright_descriptor,"DrawText ID $2D. Screen offset $030E, glyphs ""UPRIGHT"", terminator $2F, color $8F; cabinet-mode service text.",HIGH,Recovered Pac-Man consumers plus byte layout; independent same-address documentation used as cross-check where noted.
DATA_204,$39C8,$39C9,COMPLETE,drawtext_descriptor_unconsumed_trailer,"$39C8-$39C9 is the two-byte trailer immediately following a live DrawText descriptor. The preceding descriptor uses a negative (bit-7-set) single-color control byte, so the renderer returns after filling the color and does not consume this trailing $2F/$80-style pair; it is retained for byte-faithful source reconstruction.",HIGH,Recovered Pac-Man consumers plus byte layout; independent same-address documentation used as cross-check where noted.
DATA_205,$39CA,$39D0,COMPLETE,drawtext_three_zero_digits_descriptor,"DrawText ID $2E. Screen offset $020A, glyphs ""000"", terminator $2F, color $8F; reusable numeric display fragment.",HIGH,Recovered Pac-Man consumers plus byte layout; independent same-address documentation used as cross-check where noted.
DATA_206,$39D1,$3A4E,COMPLETE,unused_alternate_ghost_name_and_nickname_descriptors,"Unreferenced alternate/legacy DrawText descriptors containing AOSUKE, MUCKY, GUZUTA, MOCKY, KIMAGURE, STYLIST, OTOBOKE, and CRYBABY. Each includes its screen offset and color/control bytes; none is selected by the active canonical text pointer table.",HIGH,Recovered Pac-Man consumers plus byte layout; independent same-address documentation used as cross-check where noted.
DATA_207,$3A4F,$3AE2,COMPLETE,made_by_namco_pellet_delta_stream_plus_selftest_grid_first_byte,"$3A4F-$3AE1 is the zero-terminated positional-delta stream consumed by $3AF4 to draw the hidden ""MADE BY NAMCO"" easter egg using pellet tile $14. $3AE2 is the first byte of the next table ($4002), because the structural ownership split cuts through the startup self-test grid descriptor table; DATA_208 contains its remainder.",HIGH,Recovered Pac-Man consumers plus byte layout; independent same-address documentation used as cross-check where noted.
DATA_208,$3AE3,$3AF3,COMPLETE,startup_selftest_grid_region_descriptor_table_remainder,"Remainder of the 18-byte startup screen-grid descriptor table starting at $3AE2. $3253 sets SP=$3AE2, then for three regions POPs HL/DE/BC triples defining video start/step/count parameters used to draw the service self-test grid. The stack-based consumer establishes this table usage; DATA_207 contains the table first byte.",HIGH,Direct stack-consumer proof at $3253 plus historical same-address self-test grid documentation.
DATA_209,$3B08,$3B2D,COMPLETE,level_fruit_history_icon_tile_and_color_pairs_19x2,"Nineteen two-byte fruit-history descriptors used by $2BEA to draw the bottom-of-screen level/fruit history. Each pair is [2x2 fruit sprite/tile base, color]. Levels 0-6 draw the first N pairs; later levels display a sliding seven-fruit window, capped at level index $13, so bytes through $3B2D are the maximum consumed entries.",HIGH,Recovered Pac-Man consumers plus byte layout; independent same-address documentation used as cross-check where noted.
DATA_210,$3B2E,$3B2F,COMPLETE,unused_fruit_history_descriptor_after_level19_cap,"Two bytes $AC,$16 form one additional fruit tile/color pair immediately after the 19 live fruit-history pairs. The HUD routine caps its starting level index at $13 and its seven-entry window consumes only through $3B2D, so this extra pair is preserved legacy/unused data.",HIGH,Recovered Pac-Man consumers plus byte layout; independent same-address documentation used as cross-check where noted.
DATA_211,$3B30,$3BBF,COMPLETE,sound_effect_descriptor_banks_duration_and_frequency_table_head,$3B30-$3B3F is channel-1 effect table (two 8-byte records); $3B40-$3B7F channel-2 effect table (eight 8-byte records); $3B80-$3BAF channel-3 effect table (six 8-byte records). $2DEE copies the selected 8-byte effect record into channel runtime state. $3BB0-$3BB7 is the eight-entry note-duration power-of-two lookup used by $2DC2. $3BB8-$3BBF is the first half of the 16-entry base-frequency lookup used by $2DD0; DATA_212 is its second half.,HIGH,Recovered Pac-Man consumers plus byte layout; independent same-address documentation used as cross-check where noted.
DATA_212,$3BC0,$3BC7,COMPLETE,sound_base_frequency_lookup_table_tail,"Second eight bytes of the 16-entry base-frequency/note lookup table beginning at $3BB8. The music sequencer masks a note command to four bits, indexes this table, and stores the resulting base frequency in the channel state.",HIGH,Recovered Pac-Man consumers plus byte layout; independent same-address documentation used as cross-check where noted.
DATA_213,$3BC8,$3CDD,COMPLETE,three_channel_song_pointer_tables_and_music_command_streams,"$3BC8-$3BD3 contains three two-entry little-endian song pointer tables: channel 1 -> $3BD4/$3BF3, channel 2 -> $3C58/$3C95, channel 3 -> $3CDE/$3CDF. $3BD4-$3CDD contains the channel-1 and channel-2 encoded music command streams. The sequencer at $2D44 advances stream pointers, treats bytes below $F0 as duration/note commands, and routes $F0-$FF control commands through its command dispatch. Channel-3 targets are immediate zero terminators in DATA_214.",HIGH,Recovered Pac-Man consumers plus byte layout; independent same-address documentation used as cross-check where noted.
DATA_214,$3CDE,$3CFF,COMPLETE,empty_channel3_song_stream_terminators_and_zero_padding,"$3CDE and $3CDF are the two song-stream targets in the channel-3 pointer table at $3BD0; each begins with $00, causing the channel-3 stream to be empty/terminated. $3CE0-$3CFF is zero padding with no further song data.",HIGH,Recovered Pac-Man consumers plus byte layout; independent same-address documentation used as cross-check where noted.
DATA_215,$3D00,$3D1E,COMPLETE,drawtext_bonus_pacman_for_points_descriptor,"DrawText ID $0A. Screen offset $0396, encoded ""BONUS PAC-MAN FOR   000"" plus bonus-life icon glyphs, terminator $2F and color $8E; used for the bonus-life threshold message.",HIGH,Recovered Pac-Man consumers plus byte layout; independent same-address documentation used as cross-check where noted.
DATA_216,$3D1F,$3D20,COMPLETE,drawtext_descriptor_unconsumed_trailer,"$3D1F-$3D20 is the two-byte trailer immediately following a live DrawText descriptor. The preceding descriptor uses a negative (bit-7-set) single-color control byte, so the renderer returns after filling the color and does not consume this trailing $2F/$80-style pair; it is retained for byte-faithful source reconstruction.",HIGH,Recovered Pac-Man consumers plus byte layout; independent same-address documentation used as cross-check where noted.
DATA_217,$3D21,$3D39,COMPLETE,drawtext_midway_1980_copyright_descriptor_a,"DrawText ID $0B. Screen offset $033A, encoded copyright symbol + "" 1980 MIDWAY MFG.CO."", terminator $2F, color $83.",HIGH,Recovered Pac-Man consumers plus byte layout; independent same-address documentation used as cross-check where noted.
DATA_218,$3D3A,$3D3B,COMPLETE,drawtext_descriptor_unconsumed_trailer,"$3D3A-$3D3B is the two-byte trailer immediately following a live DrawText descriptor. The preceding descriptor uses a negative (bit-7-set) single-color control byte, so the renderer returns after filling the color and does not consume this trailing $2F/$80-style pair; it is retained for byte-faithful source reconstruction.",HIGH,Recovered Pac-Man consumers plus byte layout; independent same-address documentation used as cross-check where noted.
DATA_219,$3D3C,$3D54,COMPLETE,drawtext_midway_1980_copyright_descriptor_b,DrawText ID $13. Same copyright/company text as DATA_217 at alternate screen offset $033D for another attract/service placement.,HIGH,Recovered Pac-Man consumers plus byte layout; independent same-address documentation used as cross-check where noted.
DATA_220,$3D55,$3D56,COMPLETE,drawtext_descriptor_unconsumed_trailer,"$3D55-$3D56 is the two-byte trailer immediately following a live DrawText descriptor. The preceding descriptor uses a negative (bit-7-set) single-color control byte, so the renderer returns after filling the color and does not consume this trailing $2F/$80-style pair; it is retained for byte-faithful source reconstruction.",HIGH,Recovered Pac-Man consumers plus byte layout; independent same-address documentation used as cross-check where noted.
DATA_221,$3D57,$3D64,COMPLETE,drawtext_shadow_nickname_descriptor,"DrawText ID $14. Screen offset $02C5, encoded nickname ""-SHADOW   "" for Blinky, terminator $2F, color $81.",HIGH,Recovered Pac-Man consumers plus byte layout; independent same-address documentation used as cross-check where noted.
DATA_222,$3D65,$3D66,COMPLETE,drawtext_descriptor_unconsumed_trailer,"$3D65-$3D66 is the two-byte trailer immediately following a live DrawText descriptor. The preceding descriptor uses a negative (bit-7-set) single-color control byte, so the renderer returns after filling the color and does not consume this trailing $2F/$80-style pair; it is retained for byte-faithful source reconstruction.",HIGH,Recovered Pac-Man consumers plus byte layout; independent same-address documentation used as cross-check where noted.
DATA_223,$3D67,$3D73,COMPLETE,drawtext_blinky_name_descriptor,"DrawText ID $0D. Screen offset $0165, encoded ""BLINKY"" name with quote/decorative glyphs, terminator $2F, color $81.",HIGH,Recovered Pac-Man consumers plus byte layout; independent same-address documentation used as cross-check where noted.
DATA_224,$3D74,$3D75,COMPLETE,drawtext_descriptor_unconsumed_trailer,"$3D74-$3D75 is the two-byte trailer immediately following a live DrawText descriptor. The preceding descriptor uses a negative (bit-7-set) single-color control byte, so the renderer returns after filling the color and does not consume this trailing $2F/$80-style pair; it is retained for byte-faithful source reconstruction.",HIGH,Recovered Pac-Man consumers plus byte layout; independent same-address documentation used as cross-check where noted.
DATA_225,$3D76,$3D83,COMPLETE,drawtext_speedy_nickname_descriptor,"DrawText ID $16. Screen offset $02C8, encoded nickname ""-SPEEDY   "" for Pinky, terminator $2F, color $83.",HIGH,Recovered Pac-Man consumers plus byte layout; independent same-address documentation used as cross-check where noted.
DATA_226,$3D84,$3D85,COMPLETE,drawtext_descriptor_unconsumed_trailer,"$3D84-$3D85 is the two-byte trailer immediately following a live DrawText descriptor. The preceding descriptor uses a negative (bit-7-set) single-color control byte, so the renderer returns after filling the color and does not consume this trailing $2F/$80-style pair; it is retained for byte-faithful source reconstruction.",HIGH,Recovered Pac-Man consumers plus byte layout; independent same-address documentation used as cross-check where noted.
DATA_227,$3D86,$3D92,COMPLETE,drawtext_pinky_name_descriptor,"DrawText ID $0F. Screen offset $0168, encoded ""PINKY"" name with decorative glyphs, terminator $2F, color $83.",HIGH,Recovered Pac-Man consumers plus byte layout; independent same-address documentation used as cross-check where noted.
DATA_228,$3D93,$3D94,COMPLETE,drawtext_descriptor_unconsumed_trailer,"$3D93-$3D94 is the two-byte trailer immediately following a live DrawText descriptor. The preceding descriptor uses a negative (bit-7-set) single-color control byte, so the renderer returns after filling the color and does not consume this trailing $2F/$80-style pair; it is retained for byte-faithful source reconstruction.",HIGH,Recovered Pac-Man consumers plus byte layout; independent same-address documentation used as cross-check where noted.
DATA_229,$3D95,$3DA2,COMPLETE,drawtext_bashful_nickname_descriptor,"DrawText ID $33 in this pointer table. Screen offset $02CB, encoded nickname ""-BASHFUL  "" for Inky, terminator $2F, color $85.",HIGH,Recovered Pac-Man consumers plus byte layout; independent same-address documentation used as cross-check where noted.
DATA_230,$3DA3,$3DA4,COMPLETE,drawtext_descriptor_unconsumed_trailer,"$3DA3-$3DA4 is the two-byte trailer immediately following a live DrawText descriptor. The preceding descriptor uses a negative (bit-7-set) single-color control byte, so the renderer returns after filling the color and does not consume this trailing $2F/$80-style pair; it is retained for byte-faithful source reconstruction.",HIGH,Recovered Pac-Man consumers plus byte layout; independent same-address documentation used as cross-check where noted.
DATA_231,$3DA5,$3DB1,COMPLETE,drawtext_inky_name_descriptor,"DrawText ID $2F. Screen offset $016B, encoded ""INKY"" name with decorative glyphs, terminator $2F, color $85.",HIGH,Recovered Pac-Man consumers plus byte layout; independent same-address documentation used as cross-check where noted.
DATA_232,$3DB2,$3DB3,COMPLETE,drawtext_descriptor_unconsumed_trailer,"$3DB2-$3DB3 is the two-byte trailer immediately following a live DrawText descriptor. The preceding descriptor uses a negative (bit-7-set) single-color control byte, so the renderer returns after filling the color and does not consume this trailing $2F/$80-style pair; it is retained for byte-faithful source reconstruction.",HIGH,Recovered Pac-Man consumers plus byte layout; independent same-address documentation used as cross-check where noted.
DATA_233,$3DB4,$3DC1,COMPLETE,drawtext_pokey_nickname_descriptor,"DrawText ID $35. Screen offset $02CE, encoded nickname ""-POKEY    "" for Clyde, terminator $2F, color $87.",HIGH,Recovered Pac-Man consumers plus byte layout; independent same-address documentation used as cross-check where noted.
DATA_234,$3DC2,$3DC3,COMPLETE,drawtext_descriptor_unconsumed_trailer,"$3DC2-$3DC3 is the two-byte trailer immediately following a live DrawText descriptor. The preceding descriptor uses a negative (bit-7-set) single-color control byte, so the renderer returns after filling the color and does not consume this trailing $2F/$80-style pair; it is retained for byte-faithful source reconstruction.",HIGH,Recovered Pac-Man consumers plus byte layout; independent same-address documentation used as cross-check where noted.
DATA_235,$3DC4,$3DD0,COMPLETE,drawtext_clyde_name_descriptor,"DrawText ID $31. Screen offset $016E, encoded ""CLYDE"" name with decorative glyphs, terminator $2F, color $87.",HIGH,Recovered Pac-Man consumers plus byte layout; independent same-address documentation used as cross-check where noted.
DATA_236,$3DD1,$3DD2,COMPLETE,drawtext_descriptor_unconsumed_trailer,"$3DD1-$3DD2 is the two-byte trailer immediately following a live DrawText descriptor. The preceding descriptor uses a negative (bit-7-set) single-color control byte, so the renderer returns after filling the color and does not consume this trailing $2F/$80-style pair; it is retained for byte-faithful source reconstruction.",HIGH,Recovered Pac-Man consumers plus byte layout; independent same-address documentation used as cross-check where noted.
DATA_237,$3DD3,$3DE0,COMPLETE,drawtext_placeholder_A_descriptor,"DrawText ID $15. Literal repeated-A placeholder descriptor at screen offset $02C5, terminated by $2F with color $81. Its exact semantic role is a selectable text placeholder/alternate attract label; the literal payload and pointer ID are fully identified.",HIGH,Recovered Pac-Man consumers plus byte layout; independent same-address documentation used as cross-check where noted.
DATA_238,$3DE1,$3DE2,COMPLETE,drawtext_descriptor_unconsumed_trailer,"$3DE1-$3DE2 is the two-byte trailer immediately following a live DrawText descriptor. The preceding descriptor uses a negative (bit-7-set) single-color control byte, so the renderer returns after filling the color and does not consume this trailing $2F/$80-style pair; it is retained for byte-faithful source reconstruction.",HIGH,Recovered Pac-Man consumers plus byte layout; independent same-address documentation used as cross-check where noted.
DATA_239,$3DE3,$3DEF,COMPLETE,drawtext_placeholder_B_descriptor,"DrawText ID $0E. Literal repeated-B placeholder descriptor at screen offset $0165, terminated by $2F with color $81.",HIGH,Recovered Pac-Man consumers plus byte layout; independent same-address documentation used as cross-check where noted.
DATA_240,$3DF0,$3DF1,COMPLETE,drawtext_descriptor_unconsumed_trailer,"$3DF0-$3DF1 is the two-byte trailer immediately following a live DrawText descriptor. The preceding descriptor uses a negative (bit-7-set) single-color control byte, so the renderer returns after filling the color and does not consume this trailing $2F/$80-style pair; it is retained for byte-faithful source reconstruction.",HIGH,Recovered Pac-Man consumers plus byte layout; independent same-address documentation used as cross-check where noted.
DATA_241,$3DF2,$3DFF,COMPLETE,drawtext_placeholder_C_descriptor,"DrawText ID $17. Literal repeated-C placeholder descriptor at screen offset $02C8, terminated by $2F with color $83.",HIGH,Recovered Pac-Man consumers plus byte layout; independent same-address documentation used as cross-check where noted.
DATA_242,$3E00,$3E01,COMPLETE,drawtext_descriptor_unconsumed_trailer,"$3E00-$3E01 is the two-byte trailer immediately following a live DrawText descriptor. The preceding descriptor uses a negative (bit-7-set) single-color control byte, so the renderer returns after filling the color and does not consume this trailing $2F/$80-style pair; it is retained for byte-faithful source reconstruction.",HIGH,Recovered Pac-Man consumers plus byte layout; independent same-address documentation used as cross-check where noted.
DATA_243,$3E02,$3E0E,COMPLETE,drawtext_placeholder_D_descriptor,"DrawText ID $10. Literal repeated-D placeholder descriptor at screen offset $0168, terminated by $2F with color $83.",HIGH,Recovered Pac-Man consumers plus byte layout; independent same-address documentation used as cross-check where noted.
DATA_244,$3E0F,$3E10,COMPLETE,drawtext_descriptor_unconsumed_trailer,"$3E0F-$3E10 is the two-byte trailer immediately following a live DrawText descriptor. The preceding descriptor uses a negative (bit-7-set) single-color control byte, so the renderer returns after filling the color and does not consume this trailing $2F/$80-style pair; it is retained for byte-faithful source reconstruction.",HIGH,Recovered Pac-Man consumers plus byte layout; independent same-address documentation used as cross-check where noted.
DATA_245,$3E11,$3E1E,COMPLETE,drawtext_placeholder_E_descriptor,"DrawText ID $34. Literal repeated-E placeholder descriptor at screen offset $02CB, terminated by $2F with color $85.",HIGH,Recovered Pac-Man consumers plus byte layout; independent same-address documentation used as cross-check where noted.
DATA_246,$3E1F,$3E20,COMPLETE,drawtext_descriptor_unconsumed_trailer,"$3E1F-$3E20 is the two-byte trailer immediately following a live DrawText descriptor. The preceding descriptor uses a negative (bit-7-set) single-color control byte, so the renderer returns after filling the color and does not consume this trailing $2F/$80-style pair; it is retained for byte-faithful source reconstruction.",HIGH,Recovered Pac-Man consumers plus byte layout; independent same-address documentation used as cross-check where noted.
DATA_247,$3E21,$3E2D,COMPLETE,drawtext_placeholder_F_descriptor,"DrawText ID $30. Alternate pointer-slot payload at screen offset $016B containing repeated F glyphs, terminated by $2F with color $85. The descriptor format and literal payload are exact; it functions as one of the alternate attract/text placeholders paired with the ghost-name slots.",HIGH,Recovered Pac-Man consumers plus byte layout; independent same-address documentation used as cross-check where noted.
DATA_248,$3E2E,$3E2F,COMPLETE,drawtext_descriptor_unconsumed_trailer,"$3E2E-$3E2F is the two-byte trailer immediately following a live DrawText descriptor. The preceding descriptor uses a negative (bit-7-set) single-color control byte, so the renderer returns after filling the color and does not consume this trailing $2F/$80-style pair; it is retained for byte-faithful source reconstruction.",HIGH,Recovered Pac-Man consumers plus byte layout; independent same-address documentation used as cross-check where noted.
DATA_249,$3E30,$3E3D,COMPLETE,drawtext_placeholder_G_descriptor,"DrawText ID $36. Literal repeated-G placeholder descriptor at screen offset $02CE, terminated by $2F with color $87.",HIGH,Recovered Pac-Man consumers plus byte layout; independent same-address documentation used as cross-check where noted.
DATA_250,$3E3E,$3E3F,COMPLETE,drawtext_descriptor_unconsumed_trailer,"$3E3E-$3E3F is the two-byte trailer immediately following a live DrawText descriptor. The preceding descriptor uses a negative (bit-7-set) single-color control byte, so the renderer returns after filling the color and does not consume this trailing $2F/$80-style pair; it is retained for byte-faithful source reconstruction.",HIGH,Recovered Pac-Man consumers plus byte layout; independent same-address documentation used as cross-check where noted.
DATA_251,$3E40,$3E4C,COMPLETE,drawtext_placeholder_H_descriptor,"DrawText ID $32. Literal repeated-H placeholder descriptor at screen offset $016E, terminated by $2F with color $87.",HIGH,Recovered Pac-Man consumers plus byte layout; independent same-address documentation used as cross-check where noted.
DATA_252,$3E4D,$3E4E,COMPLETE,drawtext_descriptor_unconsumed_trailer,"$3E4D-$3E4E is the two-byte trailer immediately following a live DrawText descriptor. The preceding descriptor uses a negative (bit-7-set) single-color control byte, so the renderer returns after filling the color and does not consume this trailing $2F/$80-style pair; it is retained for byte-faithful source reconstruction.",HIGH,Recovered Pac-Man consumers plus byte layout; independent same-address documentation used as cross-check where noted.
DATA_253,$3E4F,$3E59,COMPLETE,drawtext_pacman_title_descriptor,"DrawText ID $29. Screen offset $030C, encoded title ""PAC-MAN"" (semicolon tile is the hyphen glyph), terminator $2F, single-color code $8F.",HIGH,Recovered Pac-Man consumers plus byte layout; independent same-address documentation used as cross-check where noted.
DATA_254,$3E5A,$3FF9,COMPLETE,pacman_title_trailer_and_high_rom_zero_padding,"$3E5A-$3E5B is the unconsumed $2F,$80 legacy trailer immediately after the live PAC-MAN title descriptor. $3E5C-$3FF9 is zero-filled high-ROM padding before the IM2 vector words at $3FFA.",HIGH,Recovered Pac-Man consumers plus byte layout; independent same-address documentation used as cross-check where noted.
DATA_255,$3FFA,$3FFD,COMPLETE,im2_interrupt_vector_word_pair,Two little-endian interrupt vector words used by the original Pac-Man IM2 setup: $3FFA-$3FFB -> $3000 (startup/test continuation) and $3FFC-$3FFD -> $008D (normal VBlank interrupt continuation). The vector byte written by initialization selects these entries through the IM2 vector page.,HIGH,Recovered Pac-Man consumers plus byte layout; independent same-address documentation used as cross-check where noted.
DATA_256,$3FFE,$3FFF,COMPLETE,rom3_checksum_bytes,"Checksum bytes $75,$73 for the $3000-$3FFF program ROM bank, verified by the startup ROM integrity routine. They follow the two IM2 vector words and are data, not executable code.",HIGH,Recovered Pac-Man consumers plus byte layout; independent same-address documentation used as cross-check where noted.
